鬼话,东北电影制片厂摄制,黑白  3 本,"改编：王家乙
摄影：傅宏
作曲：张国昌
剧务主任：朱文顺
导演：王家乙
美工设计：刘学尧
录音：沙原
照明：李树林
场记：董晶葳
置景：刘朝元
剪接：于莹、唐索维
洗印：李存邦、钱仲选
演奏：东影乐队
指挥：尹升山","赵滋民-周成
黄玲-周妻
安琪-小荣
高平-有福
杨薇-小凤
赵国璋-民兵队长
张禹-民兵甲
任子华-民兵乙
孙笑非-赵师古
贺汝瑜-刘继邦
郭玲-李大嫂","根据赵树理原著改编。
反动的一贯道会头子想通过封建会道门来破坏抗美援朝运动，他们派爪牙装神弄鬼、散布谣言、蛊惑人心。农民周成过去被骗参加过一贯道，这次又被他们散布的那套鬼话吓唬住了。周成的妹妹小荣是个少先队员，她不相信一贯道编造的谣言。 一天，小荣假装肚子痛，她跟哥哥周成开玩笑，说是因为得罪了仙佛的原故才惹起病来的。这时，周成的远亲、一贯道的特务爪牙有福装扮鬼怪，恐吓周家。民兵闻讯赶来搜查，终于抓到了装鬼的有福，周成方知受了骗。"
新儿女英雄传,北京电影制片厂摄制,黑白 14本,"改编：史东山
摄影：高洪涛
作曲：黄准
录音：蔡军
导演：史东山、吕班
布景设计：俞翼如
美术：李仲耘
副导演：郭维
摄影助理：冯喜樟
照明：李景忠
录音助理：李进臣
音响：李良笼
布景助理：王桂枝
剧务：金保生
剪接：顾德荣 剪接助理：黄毓芬
洗印：丁士廉、陈福唐
场记：刘月娉
场务：张嘉声
化妆：王希钟
服装：魏邦俊
特技：庞贵
装置：许明
道具：于英泉
绘景：刘鸿文
演奏：北影管弦乐队、北影合唱队
指挥：陈维文","今欣-牛大水
阎增和-牛老爹
赵莹-杨母
刘宗-商人
陈方千-国民党军官乙
田烈-申财主
王伟光-刘双喜
李唐-民兵
谢添-张金龙
李林-郭三麻子
姚向黎-杨小梅
许蓝-表姐
郭允泰-高屯儿
侯健夫-国民党军官甲
严皇-乡妇
李景波-李六子
康玉洁-艾和尚
封顺-小小子
李健-金龙母
张茜-双喜娘
赵子岳-黑老蔡
刘柳-八路军炊事员
高平-农民
张凤翔-王指导员
师伟-女八路甲
李雨民-某老先生
黄素影-李大娘
于洋-农民
弓志-伪兵
梁新-某老爹
管宗祥-敌翻译官
方化-老农民
邸力-某大娘
阎争-秀女
桑夫-李二叔
赵文发-宣传员
周凋-老排长
史宽-何世雄
刘节-女八路乙
莽一萍-乡妇
李天佑-摊贩
黄非-伪 兵
丛硕文-何狗皮
魏赓-刘开堂
郑宝民-黾板上尉
赵国兴-青年农民
陈志坚-看守伪兵
韩焱-某大伯

","根据袁静、孔厥同名小说改编。
一九三七年“七·七”事变后，冀中白洋淀地区农民经常遭 到败兵土匪的骚扰。八路军来到后，领导农民减租减息，抗日自卫。农民牛大水参加了人民武装，作战勇敢，工作积极。他的远亲杨小梅不堪丈夫张金龙的虐待，也参加了革命，与牛大水同村工作。经小梅争取，张金龙也参加了抗日工作，后又随汉奸何世雄投敌，小梅因此决定与他脱离关系。在敌人“大扫荡”中，杨小梅受伤，牛大水为救民兵高屯儿，被张金龙捕去，何世雄、张金龙对他施以酷刑，他坚贞不屈。此时高屯儿俘获了何世雄的儿子何狗皮，迫使何世雄换人，将牛大水救了回来。牛大水回来后与小梅同在一处养伤，他们互相帮助，感情益深，伤愈后，又一起打击敌人。不久，小梅得到何世雄部撤退的消息，牛大水带领民兵进行围击，活捉了何世雄、张金龙。"
陕北牧歌,北京电影制片厂摄制,黑白  8 本,"编剧：孙谦
摄影：王启民
美术：杭世鸾
录音：王绍曾
导演：凌子风
布景设计：秦威
作曲：刘炽
顾问：杨醉乡
副导演：陈怀皑
摄影助理：金威
照明：邵珍
录音助理：王忠善
发电：左山
布景助理：张振宗
装置：张义
剧务主任：张成效、纪少岚
剪接：王诚
剪接助理：秦芝莲
洗印：董鸿翼、那铁梁
剧务：王瑞杰
场记：萧树琴、陈若飞
场务：李涌
化妆：李恩德
化妆助理：张桐
特技：庞贵
背景：刘鸿文
陈设：张先得、陈浚
服装：张彩平、黄堪
特技助理：王锐福
道具：黄玉和、雷振
演奏：北影管弦乐队
指挥：陈维文","刘斌-成宝娃
张云-白海旺
郭扬庭-马三宝
陈步发-李二爷
王迪-马大妈
乔如峰-玉珍
魏瑞祥-支队长
黄玉和-党员甲
马生奇-党员丙
张继权-白秀兰
裴然-老李
王学文-富贵
任振元-双喜
杨惠贞-小凤
马桂英-二姐
张成效-参谋
杨应山-党员乙
李涌-党员丁
李恩德-党员戊
顾深斌-游击队员甲
张振平-游击队员乙
黄锡林-伙夫
范子英-团丁甲
张福全-团丁乙
郝振杰-团丁丙
白秉安-团丁丁
郭善仁-团丁戊
屈武田-团丁己
白龙-张瑞堂
薛增禄-秃子
成艺-邱团长
张彩萍-姨太太
朱剑光-匪兵
高仲章-崔队长",一九三五年，陕北高原卧牛镇的农民不堪忍受地主和国民党 军队的压迫，暗地里组织了赤卫队，等待着红军来打寨子。白军邱团长和地主张瑞堂下令搜查红军工作人员。红军老李被团丁们追逐着，放羊娃成宝娃和白秀兰把老李藏在羊群中，骗过敌人。 一天，白军抢走了成宝娃的两只羊，地主张瑞堂要枪毙成宝娃， 白秀兰的父亲白海旺要用女儿心爱的手镯去赔偿地主的两只羊，党支部书记马三宝带来了乡亲们的捐款，救回了成宝娃。成宝娃参加了游击队。后来，地主张瑞堂要把成宝娃的干妹子白秀兰送给邱团长做妾，老李带领赤卫队救回被抢走的秀兰。不久刘志丹领导的陕北红军与游击队会合，进攻卧牛镇，马三宝领着赤卫队作内应，攻下卧牛镇，打垮了盘踞该镇的蒋军，成宝娃亲手击毙了恶霸地主张瑞堂。卧牛镇的农民分到了土地，成宝娃和白秀兰结了婚，最后，两人都参加了红军。
走向新中国,北京电影制片厂摄制,黑白 10本,"编剧：吴天
摄影：连城
作曲：马可、瞿希贤、刘炽、张文纲
副导演：方荧
顾问：张方
导演：吴天
布景设计：刘锐
美术：王玉全
录音：陈燕嬉   
摄影助理：方为策
照明：张海山
录音助理：蒋英杰
效果：高敏
布景助理：张艺舟
装置：张文海
背景：刘鸿文
剪接：严尚华
剪接助理：项鸿德
洗印：高玉璞
剧务主任：方声远、丛硕文
剧务：范凡塞、康英琪
场记：于清
化妆：张竞
场务：杨辅权
服装：任嫣叔
道具：姜亦素
演奏：北影管弦乐队、中央音乐学院音乐工作团
指挥：陈维文","蓝马-常为梁
张勤箴-常妻
王润-常女
谢添-总经理
于洋-小刘
赵森-何金栋
侯健夫-朱长发
刘柳-老李
封顺-工贼
李林-警察班长
桑夫-丁厂长
陈方千-许敏
张雁-伪警察
周婷-打字员
方辉-青年工人
周凋-老周
韩焱-张师傅
阎增和-老马
陈志坚-伪工会主任
康玉洁-地下党员
安然-关工程师
李唐-职员
高平-军代表
彼得洛夫-汉得逊
夏佩杰-常家女佣
史宽-医生","冶金工程师常为梁从美国留学归来，在国民党黑暗统治的旧 中国，他的“工业救国”理想破灭了。常工程师的内弟许敏认识到“搞工业首先要搞好中国”,便毅然投奔解放区。常工程师虽然对国民党不满，但对共产党也不了解，因此异常苦闷、消沉。不久他所住的城市解放了，常工程师很兴奋。后来，由于某些工人不尊重技术人员，引起他的不快和消极，他更加看不到工人的力量。为增加生产，厂里决定修复三号马丁炉。常工程师机械地照搬书本上的一套，结果没有成功。工人们反对他的理论，主张自己干，结果也失败了。军代表一方面教育工人，一方面用事实说服常工程师，帮他提高了觉悟。随后，他与工人结合起来，修复了马丁炉。正当马丁炉出第一炉钢时，国民党的飞机来轰炸，马丁炉只好停火，钢水凝固了，常工程师想办法使钢水化开。新中国成立后，常工程师的改革计划被批准，他成了新中国的积极建设者。"
女司机,"
上海电影制片厂摄制",黑 白  9 本,"编剧：葛琴
导演：洗群
摄影：罗及之、张宏康 
美术：韩辛、陈波生
作曲：葛炎 
录音：苗振宇
副导演：张望
顾问：李庆荣
摄影助理：徐乐定
照明：吴法林
录音助理：赵斌、陶大可
装置设计：沈沉 布景：沈沉
美术陈设：汤孟斐
绘景：梁十千
制作：沈根荣
剪接：陈曦
剪接助理：黄运利
造型：达旭
配音：薛志昌
作词：林冬白 、 何彬 
剧务主任：朱江
剧务：徐平
场记：邓逸民
服装：吴祖同
道具：席素耀
场务：金杏庵
演奏：上影管弦乐队
指挥：曹鹏","舒绣文-孙桂兰
柯刚-周素英
赵抒音-冯小梅
凌之浩-高福荣
强明-谢道夫
苏绘-陆师傅
孙道临-周技师
严励-杨子坤
叶小珠-小张
李玲君-宋桂香
路菲-林淑芝
朱修勒-李秀贞
董克娜-陈金宝
王静安-张巧云
朗宁-胡芝芳
金乃华-王师傅
阎飞-胡师傅
廖瑞群-王兰英
",东北解放后，中长铁路大连机务段正在训练第一批女司机。 领导她们的陆师傅有轻视妇女的思想，对教妇女学开火车没信 心。孙桂兰文化水平低，学习有困难，党支部就派积极分子小张帮助她，她进步很快。冯小梅因成绩好，看不起孙桂兰，提出要在检查机车的考试竟赛里，向孙桂兰挑战。孙桂兰为了大家进步，同意分组搞集体竞赛，结果孙桂兰小组获胜，冯小梅只顾个人成绩而使全组落后了。在最后一次单独掌握机车考试的时候，冯小梅很骄傲地开着火车，半路上，突然发现一辆骡车倒在铁轨上，她一时不知怎么办，慌了手脚，幸亏孙桂兰勇敢沉着地搬动运转机，使火车停住，才避免事故发生。冯小梅很受感动，认识到自己闹个人主义是不对的。陆师傅也克服了轻视妇女的思想。在党的领导下，在苏联专家谢道夫和周技师的帮助下，女学员们不怕困难，努力钻研，终于掌握了技术，成为新中国第一批女司机。
团结起来到明天,"
上海电影制片厂摄制",黑白 10本,"编剧：黄钢
导演：赵明
摄影：李生伟、方书高
美术：韩辛、陈波生
作曲：王云阶
录音：吴江海
副导演：葛鑫、范莱
制片主任：韦布
摄影助理：吴福祥、曹威业 
照明：康涌涛
录音助理：周云麟、洪嘉惠
装置设计：葛师承
陈设：陈增福
绘景：梁十千
特技：戈永良
制作：沈根荣
配音：薛志昌
剪接：陈祥兴
剪接 助理：陈胜基
造型：乐羽侯
剧务：孙吉
场记：张寒西
化 妆：倪也非
服装：陈俊德
道具：李永周
场务：金杏庵
演奏：上影管弦乐队","白杨-彭阿妹
周来-工委
周伟-杨发姐
范莱-黄教员
赵元-小林
刘凤歌-女工甲
周曼伟-女工丙
齐衡-警备司令
梁山-警察局长
止戈-美顾问
孙睁-张世芳
铁牛-老方
张雁-小张
李明-彭小妹
李凌云-徐素娥
刘恩玉-女工乙
陈珉-女工丁
阳华-周高明
石平-冯大庆
程述尧-译员
",上海解放前夕，某纱厂工人在地下党组织领导下展开罢工斗 争。开始，工人们的斗争情绪非常高涨，但由于对困难估计不足，斗争受到一些损失。纱厂地下党支部书记张世芳在紧要关头，因势利导，避免了更大规模的流血牺牲，保存了力量。为了掩护地下党组织和工人斗争的需要，张世芳机智地打入黄色工会。国民党党棍周高明为了在竞选中拉选票，收去了全厂工人的身份证，导致全厂工人的罢工。敌人进行血腥镇压，全市工人和学生进行声援，使罢工获得胜利。随后，解放军进逼上海，国民党反动派企图运走物资、破坏工厂机器。张世芳组织工人进行护厂斗争，粉碎了敌人的阴谋。
胜利重逢,上海电影制片厂摄制,黑白 10本,"改编：张骏祥
导演：汤晓丹
摄影：费俊痒、金铁民
美术：王昌诚、杨令德
作曲：刘福安、薛岩
录音：宋亮臣
副导演：王炎
制片主任：蒋君超
摄影助理：鞠蔚
照明：徐锡宝
录音助理：王绿叶、周恒良、汤兆璜
装置设计：卢景光  
陈设：徐克已
绘景：罗雨秋
特技：戈永良、严 顾
制作：吴文奎
剪接：陈祥兴
剪接助理：陈胜基
剧务主任：张燕 
剧务：孙化夷 
场记：周影魂
化妆：蒋幼安
服装：支光
道具：姜立
场务：陆云生
配音：薛志昌
作词：赵戈今
演奏：上影管弦乐队
指挥：曹鹏","冯喆-耿海林
束荑-纪银杏
凌云-罗志庆
张雁-柴大肚子
范正刚-耿老爹
齐衡-房东老乡
智世明-刘大妈
辛克-麻子班长
张捷-小 熊
刘苏英-大金牙
王炎-指导员
胡其明-大 杨
周恒良-白其瑞
赵彬-匪连长
丁然-匪连长
杨梦昶-纪老爹
江雨声-崔裕万
殷子-乔桂兰
马志成-刘长青
李季-老李
耿康-喜珠
傅超武-保四儿
仲星火-吕班长
孙永平-小张
王永序-王贵","根据黎阳小说《英雄回家》改编。
青年农民耿海林为了办好婚事，把家里仅有的一亩八分地押 给地主柴大肚子。柴大肚子勾结崔保长把地白白吞占了。耿海林新婚不久，又被抓去当兵，受尽蒋军军官的欺压。日本投降后， 国民党反动派大举向解放区进攻，耿海林被运往东北打内战。他被解放后，编入东北民主联军。经教育，他逐渐改掉了由国民党的军队里带来的恶习，并成为战斗英雄。我大军南下时，耿海林来到家乡，看到家乡的一切都变了，开始他疑心妻子银杏已经改嫁，也不认识自己的亲生儿子。经过一些误会，最后才与妻儿团聚。 耿海林的家乡经过土改，斗倒了地主柴大肚子，一家四口人分到十二亩地和一头黄牛，但不共戴天的仇人柴大肚子却逃到南方。为了保卫胜利果实，不让反动派复辟，耿海林又随大军南下杀敌。"
上饶集中营,上海电影制片厂摄制,黑白 11本,"编剧：冯雪峰
导演：沙蒙、张客
摄影：朱今明
美术：韩辛、陈波生
作曲：贺绿汀 
录音：丁伯和
副导演：林农、方徨
摄影助理：姚梅生、邱以仁
照明：何庚年
录音助理：印石民、蔡明善
装置设计：韩尚义、朱德熊
陈设：陈澈
绘景：黄炳希
特技：戈永良
制作：沈根荣
剪接：邬廷芳
剪接助理：黄财章
配音：薛志昌
剧务主任：祝宏纲
剧务：赵小亭
场记：伍伦
化妆：祝瑞云
服装：曹明
道具：翁世涛
场务：汤依泽","汤化达-赵宏
卢敏-施珍
沈扬-老教授
布加里-陈芝英 
方行-孙钢 
夏钧寅-张四富
岳勋立-林桐
陈辞-孟瑛
海鹏-金菊华
项堃-张超
张北宗-刘某
方伯-胖教官
江俊-吕功
林农-李华
周谅量-苏琳
张葵-田飞驹
嵇启明-王大明
王琪-郭海
庄重-老农夫
田野-张小琴
宋家祺-马阿熊
农中南-萧某
潘锐-曾某
袁之远-翘鼻子特务
章曼萃-女中队长
史原-狱长
濮德景-谢百伦
陈家松-医务主任
龚伯安-宪兵班长
程成-卫兵排长","一九四一年一月，国民党反动派制造了震惊中外的“皖南事 变”,新四军将士六、七百人被俘，和东南各省被捕的爱国人士二、 三百人一起被国民党反动派关在上饶集中营，遭受残酷迫害。特务用诱骗、酷刑等手段，强迫他们""悔过”、“自首”,均未得逞。被俘的新四军女战士施珍被轮奸致残，但她始终不向反动派低头。小学教员苏琳最初经受不住精神上的折磨，在施珍的帮助和鼓舞下，她坚强了起来，特务为了恐吓她，把她带去陪绑，苏琳宁死不屈，最后随同施珍跳进潭水。特务为了分化瓦解革命者，伪造了一个新四军组织部长赵宏“自首”的宣言，使一些不明真相的人受骗。但赵宏仍然毫不动摇，对党忠心耿耿，使敌人的这一阴谋破产了。 一九四二年五月，日寇进逼金华、衢州时，国民党特务裹胁被俘人员南撤，行至赤石，被俘人员在地下党组织的领导下暴动成功。"
海上风暴,上海电影制片厂摄制,黑白  9 本,"编剧：羽山、黄宗江、周行  
导演：许幸之
摄影：苗振华、沈维康、王敏生
作曲：朱践耳
美术：王昌诚、杨令德
录音：林圣清
副导演：丁峤
副制片主任：吴承镛
摄影助理：殷国豪
照明：高运昌
录音助理：贺增祥、金文江
陈设：葛兴萼
绘 景：罗雨秋
装置设计：韩尚义
制作：马云宝
特技设计：世为
特技：陶世恭、戈永良
剪接：张淳
剪接助理：沈传悌
造型：乐羽侯
配音：薛志昌
剧务：屠去非
场记：吴苏鸿
服装：张永山
道具：沈家俊
场务：金杏庵
演奏：上影管弦乐队、上影合唱团
指挥：曹鹏","常前-高政委
王力-王团长
陈华-孙营长
赵铠-郑排长
李秧-徐班长
单永继-梁班长
牛耕夫-小杨
陈宝贵-田忠
杜鹏-马玉良
陈增智-通讯员
白会山-刘强
朱一峰-战士
王敏-战士
左孝伦-战士
朱培才-战士
陆英华-警卫员
柏李-媳妇
屠去非-敌指挥官
王兰元-敌军官乙
史东海-敌兵乙
殷国豪-敌兵丁
乐羽侯-刘政委
李克林-汪团长
沈默君-郭连长
苏平-夏排副
王惠民-肖班长
王培凤-黄文龙
张恩顺-老胡
公昂-于彬
李仁忠-哨兵
李家光-张顺
马学世-小金
孙繁仁-战士
苗发明-战士
童建国-战士
王春祥-战士
丁尼-老头
童鸣宇-小凤
吴苏鸿-敌军官甲
高正平-敌兵甲
罗雨秋-敌兵丙
张雄-敌哨兵
徐元弟-敌号兵
严村-水手甲
张仲轩-水手乙","本片根据矫福纯的小说改编。
解放军某部四十二个战士，在郭连长带领下，出海演习作 战，遇到风暴，船触礁被冲到一个孤岛上。盘踞在孤岛附近黑衫岛的蒋军乘机围攻，并威逼水手前来送信诱降。由于我军战士的沉着机智，敌人摸不清底细，灰溜溜地走了。到了第七天夜晚，郭连长派郑排长和小杨乘木筏回大陆联系。之后，郭连长又派夏排副乘木筏前往偷袭敌岛。夏排副等完成了抓船任务回岛时，敌人尾随追来，以优势兵力强行登岛。正当郭连长他们弹尽粮绝万分危急的关头，郑排长带着援兵及时赶到，消灭了敌人。"
翠岗红旗,上海电影制片厂摄制,黑白 10本,"编剧：杜谈
导演：张骏祥
摄影：冯四知、裘葛
美工：王昌诚、杨令德
作曲：王云阶        
录音：林秉生、王行舟
制片主任：岳路
副导演：马瑜
摄影助理：胡和道、唐时宝
照明：陈荣卿
录音助理：刘广阶、李伟修
装置设计：张汉臣
陈设：施文起
绘景：黄炳希
制作：王文才
剪 接：金学琴
剪接助理：吴之英
配音：薛志昌
剧务组长：陆立之
剧务：徐少文
场记：陈默
化妆：王凯、王汉庸
服装：陆伯勤 
道具：庄凯庐
场务：邵荣棠
演奏：上影管弦 
乐队指挥：曹鹏","于蓝-向五儿
裴冲-封老四
白穆-封之固
项堃-军 长
汪漪-江林仔
夏天-刘三才
王承真-封传刚
温锡莹-李大队长
邱奂-封少爷(七岁)
邱石平-报信人
孙永平-警卫员
张伐-江猛子
陈天国-萧镇魁
穆宏-江春旺
孙羽-小鸿
谭云-江三娘
潘文展-参谋长
柳杰-封太太
王公序-封少爷
汪应龙-小鸿(七岁)
王恺-译报员",一九三三年，红军粉碎了蒋介石的第四次“围剿”后，在江西 老苏区翠岗地区扩红，江猛子报名参军，他的新婚妻子向五儿鼓励他英勇杀敌。 一九四四年，猛子随红军长征北上。蒋军进入老根据地，红军家属惨遭迫害。江猛子的父亲江春旺、妹妹林仔均遭敌团长萧镇魁的毒手。向五儿改名换姓，逃避外乡，为抚养新出世的孩子，在地主封之固家当奶妈。 一次，萧镇魁、封之固得到情报，黑夜派兵企图去消灭游击队，向五儿听到这个消息后，立即派人给游击队送信，使敌人受到很大损失。一九四九年，人民解放军南下，萧镇魁逃上翠岗山，负隅顽抗。江猛子这时已成为师长，他率领部队留下剿匪。向五儿母子也被敌人逼上山，她把自己的身世告诉了儿子小鸿，叫小鸿偷偷下山去找解放军。江永宏师长(即猛子)根据小鸿和游击队提供的情况，剿灭了翠岗山上的敌军，向五儿与丈夫团聚了。
小铁柱(动画),上海电影制片厂摄制,黑白  2 本,"编剧：靳  夕
导演：特 伟、方 明
摄影：王铭章
作曲：桑 桐
录音：薛志昌
背景：刘凤展、梁力克、杜家勤
动画：何玉门、王树忱、 游  涌、矫野松、尚世顺、吕敬棠、吕 晋、窦宗淦、唐 澄、 江爱群、申屠政、杜春甫
效果：袁立风
剧务：安 平
描线：王玉兰、陆 青、何郁 文、蒋绍基、靳尚侠、刘 黑 
上色：森 川、关 枫、段 浚、 郝祖铮、陈瑞琴、李淑恺、尹口羊、葛侯亭、高  阳、唐令渊、胡 雄华、董 雷、杨素英、邵芝蕊、马嘉莲 调色检查：李 光、 沈 瑜、尹口羊
演奏：上影管弦乐队
指挥：邹志民
对白
配音：中国福利会儿童剧团",,"在一个风景优美的高地上，住着一些小动物，它们有个好朋 友，名叫小铁柱。一天，一只小麻雀被老鹰咬伤，小熊和小兔把 它藏在一个树洞里。 一只狼想吃掉小麻雀，小熊和狼打起来，小兔找来了小铁柱，把狼打跑了。小熊受了伤，小铁柱向猴子要果 子给小熊吃，猴子不但不给反而恶作剧，小铁柱只好自己上树为小熊摘果子，并让雀儿们把小麻雀带回家去养伤。
几天后，动物们要为伤势痊愈的小熊和小麻雀举行庆祝会， 大家送了很多礼物，只有猴子没来，大家担心它会遇险，就派小麻雀去找它。正在睡觉的猴子听到小麻雀的叫声，便从树上摘了几个最小的果子作为礼物向会场走去。它边走边吃，最后不仅把自己带的果子全吃光了，还趁大家不注意时，从会场装了一大篮果子溜到树林里，独自大吃起来。当大伙派小熊来找它的时候，它已经被豹子吃掉了。小熊刚要回去报告，豹子又扑向了小熊，小熊大声喊叫，小铁柱和小兔等闻声赶来，大家合力将豹子打死。"
两家春,长江电影制片厂摄制,黑白 10本,"改编：李洪辛
导演：瞿白音、许秉铎
摄影：石风岐","王龙基-小勇
秦怡-坠儿
时汉威-村书记
何剑飞-村长
高博-大康
王人美-妇女主任
戴耘-小勇妈
桑克正-富根
钱千里-老头
蒋锐-坠儿爹
黄婉苏-农妇
周敏-坠儿妈","根据谷峪小说《强扭的瓜不甜》改编。
土地改革后，我国北方的一个农村，学习模范坠儿和劳动模范 大康相爱。然而，坠儿的父亲有封建思想，认为女儿和人家谈恋爱是不体面的事，便自做主张把二十岁的坠儿嫁给九岁的小勇当媳妇，以报答解放前小勇爹的帮助之恩。坠儿到了小勇家之后，与小勇一点感情也没有，仍然思念着旧情人大康，日子久了便生起病来。小勇也因同学取笑他，不肯去上学。后经村妇女主任向双方家长做工作，坠儿的父亲才认识到自己的错误，小勇妈也愿意坠儿与小勇离婚，成全了坠儿和大康的美满婚姻。"
红楼二尤,国泰影业公司摄制 ,黑白 12本,"改编：杨小仲 导演：杨小仲
摄影：朱 静
出品人：柳中浩 制片主任：应云卫","言慧珠-尤三姐
金川-柳湘莲
周刍-贾琏
康泰-贾蓉
徐曼-尤氏
房珊-平儿
陶由-旺儿
张辉凤-鲍二家
李煊-周瑞
林仪-丰儿
徐为-车夫
陈雷-店主
冯继雄-表弟
孙锦-姑母
林默予-尤二姐
李保罗-贾珍
路珊-王熙凤
马骥-尤母
许垦-张华父
关宏达-兴儿
杨芳青-秋儿
高扬-焦大
王敏-周瑞妻
黄波-雪儿
王钧-老农
沈亚伦-门客
何小玲-表妹","根据陈灵犀原著改编。
清朝康熙、乾隆年间，宁国府纨袴子弟贾珍的远房亲戚尤二姐、尤三姐，随母前往贾府拜寿。贾珍见尤家姐妹容貌美丽，利用其家穷困，施以恩惠，别有他图。三姐是个烈性女子，富贵不淫，威武不屈，与出身卑贱的戏子柳湘莲相爱，对贾珍冷眼相对。二姐天性软弱，因寄人篱下，对贾珍事事敷衍，后被贾珍之弟贾琏花言巧语所骗，嫁给贾琏做了二房。三姐为避贾珍的逼迫，返归乡间。适遇报仇未逞的柳湘莲，柳赠送鸳鸯宝剑作为定婚信物。不久，贾琏偷娶尤二姐的事被其妻王熙凤知道。王乘贾琏外出期间，将二姐接到家中同住，对二姐多方凌辱，并用药将二姐身孕坠下。及至贾琏回来后，王熙凤不让二姐与贾琏相见，而贾琏也因另有新欢，抛弃了二姐。二姐悔恨交加，吞金自尽。三姐闻讯赶来，贾珍又散布谣言，破坏三姐名誉。前来探望三姐的柳湘莲信以为真，向三姐索还定婚宝剑。这时贾珍率人来到， 诈言柳为杀人犯，将其逮捕，并乘机向三姐要挟。三姐为救湘莲，假意应允，而后拔剑自刎。湘莲追悔莫及，发誓要为三姐报仇，背剑策马，落荒而去。"
我们夫妇之间,"
昆仑影业公司摄制",黑白 10本,"改编：郑君里
导演：郑君里
摄影：胡振华
美工：丁辰","赵丹-李克
蒋天流-张英
吴茵-秦丰
刘小沪-小娟
文铭-张英母
王桂林-小娟父
程漠-根福
张乾-舞厅老板
傅伯棠-纱厂厨司",一九四七年秋，在上海长大的知识分子于部李克，与山东解 放区贫农出身的童养媳、支前劳动模范张英相爱，并结了婚，两人感情很好。上海解放后，他们被调到上海工作，李到纺织公司做资料室工作，张到纱厂做妇女工作。张是在农村艰苦朴素的环境中长大的，开始很不习惯城市的生活方式。李本来生长在上海，回城后渐渐丢掉了在解放区时的艰苦朴素作风。夫妇俩无形中有了隔阂。 一次，张在舞场门口看到一个讨饭的女孩小娟受舞场老板欺负，上去打抱不平，并把小娟收留下来。李克对此很有意见。继之，张的家乡遭水灾，张未经商量便把李克的一笔稿费 寄回家乡救灾。李克愈加不满。张责备李进城后忘了农民，贪图享受。李指责张狭隘自私。两人为此分了家。后来经过他们的老领导秦丰的批评帮助和跟工人群众的接触，张思想上有了新的认识，李也写信向妻子检讨。这时，纱厂里丢了东西，失主咬定是小娟偷的，小娟受冤屈后留条出走。深夜，张与李先后赶到小娟家劝慰，夫妇俩也重新和好。
姐姐妹妹站起来,文华影业公司摄制,黑白 10本,"编剧：陈西禾
摄影：葛伟卿
音乐：黄贻钧
导演：陈西禾
布景：王月白
录音：朱伟刚
副导演：叶明
摄影助理：张锡龄
录音助理：郭良
剪辑：傅继秋
剪辑助理：吴伯泉
衬景：牛汉臣
剧务场记：朱剑英
服装：戚秋鸣、马鸿祥
化妆：倪亦非
道具：张伟秋","李萌-大香
李纬-尚幼林
李凌云-胭脂虎
罗玲-凤喜
丁力-大伙计
丁文-方同志
田太宣-孙大妈
宏霞-尚妹
小菡-桂红
俞仲英-先生
李春晓-小爱子
江山-嫖客
黄温如-贺同志
梁明-佟李氏
石挥-马三
崔超明-崔胡子
苏芸-月仙
程之-伪巡官
陈翻-许同志
田振东-尚鸿林
徐薇-顺宝
张劭-银花
程晨-翠莲
石灵-二伙计
刘豁然-更夫",一九四七年秋，北京近郊农妇佟李氏，因丈夫被地主逼死，生 活无依无靠，携带女儿大香，进城投奔舅母孙大妈家，靠给人缝洗衣服为生。日久天长，大香和同院工人尚幼林产生了感情。后来，孙大妈暗中串通伪侦缉队长流氓马三，以介绍工作为名，将大香骗卖到崔胡子、胭脂虎夫妇开设的妓院当妓女。大香受尽妓院老鸨的种种折磨和迫害，一次，她乘伪巡官来院查验捐照之机，向伪巡官求救跳出火坑。不料伪巡官受了崔氏夫妇贿赂，不但大香未能如愿，反使其母气愤得投河自尽。幼林想方设法替大香赎身，结果惨遭毒打，落得人财两空。北京解放后，人民政府封闭了妓院。马三和崔氏夫妇受到惩处。大香和其他妓女通过学习，提高了觉悟，参加生产劳动，开始了新生。
关连长,文华影业公司摄制,黑白 12本,"改编：杨柳青
摄影：葛伟卿
导演：石挥
美工：王月白","石挥-关连长
于丁-指导员
张何军-通信员
刘豁然-老马
石灵-小杜
王玉良-王排长
崔超明-团长
田振东-敌团长
梁明-保姆甲
俞仲英-文化教员
程之-老董
江山-老潘
高笑鸥-老油子
钱慰民-小鬼
王学武-教导员
王骏-团政委
茂路-敌连长
小菡-保姆乙","根据朱定原著改编。
在解放上海的前夕，关连长率领人民解放军某部八连整休待 命，一方面补充整训，一方面学习文化。关连长和战士们都来自农村，没有上过学，学习很吃力。文化教员的帮助和指导员的鼓励，给他和全连战士以极大的勇气，他们进步很快。在解放上海的战役中，关连长所在连队作为团预备队，迟迟没有参战。在战斗最激烈的时候，关连长和八连战士实在抑制不住自己的情感，他们用按有血指印的保证书向上级请战。之后，八连奉命迂回到敌后袭击敌军指挥所。在接近目标准备攻击的时候，关连长发现敌指挥所的大楼是一所孤儿院，楼内有数百个孤儿。为了按时完成任务，又要保全儿童，关连长决定放弃使用炮火轰击，用白刃战消灭了敌人。关连长在战斗中壮烈牺牲。"
彩凤双飞,大同影业公司摄制,黑白 10本,"编剧：朱端钧、潘孑农、胡道祚
摄影：罗从周
音乐：黄贻钧
导演：潘孑农
置景：张曦白
录音：姚守清
副摄影：查祥康
摄影助理：赵文栋
录音助理：郑燮元
剧务：宋宝琪
剪辑：陈瑞和、张立群、赵家树
场记：颜碧丽
化妆：陈焰
服装：金鹤良
道具：薛根宝","王丹凤-金小凤
陈述-金三宝
周刍-吴知县
魏鹤龄-沈 廉
罗静宜-李  嫂 
古月-奶 娘 
程有林-家丁乙
陈雷-衙役乙
晨波-贺客乙
李纬-彩 根
王路西-沈紫贵
于冲-王  寿
路珊-沈老夫人
陈焰-陈师爷
黄金-家丁甲
劳马-衙役甲
张明-贺客甲
鲁明-贺客丙",明末崇祯年间，浙江兰豁县民女金小凤与青年木匠周彩根相爱。元宵佳节，小凤随父金三宝进城看灯，被都察院副御史沈廉 的独子紫贵看中，散灯后，紫贵尾随小凤而去。夜晚，小凤前往彩根居处约会，紫贵伺机对她逼污，这时彩根来到，打死紫贵，救了小凤，并将紫贵尸体装进麻袋沉溺河中。不久，紫贵尸体自河底浮起，沈廉门生吴知县发现盛尸麻袋上有金三宝名字，遂拘捕金家父女，继又获悉小凤有孕，便移花接木，认系紫贵奸后成孕，逼令遗嫁沈府，为沈家留传后嗣。小凤被迫入沈府，身陷囹圄。三宝思女成疾，抑闷而死。后来，沈家大兴土木，彩根随工匠入沈府做工，得沈府女仆李嫂的帮助，与小凤相见。小凤分娩得子，沈廉夫妇见嗣续目的已达到，准备谋害小凤，对外扬言殉葬尽节，以博得封建社会的门第声誉。彩根得知后，在李嫂和众工匠的帮助下，救出小凤。这时，送丧的贺客已至，沈为维护封建制度虚伪的荣誉与尊严，只得将小凤的衣冠入殓，照常发丧。当沈府为小凤建立贞节牌坊时，小凤与彩根已逃离沈府，双双远走高飞了。
有一家人家,文华影业公司摄制,黑白 10本,"编剧：李洪辛
摄影：徐志良、马林发
导演：桑弧
美工：王月白","孙景璐-钟佳音
乔奇-沙大星
程之-高神父
茂路-钟父
戴学庐-钟佳麟
沈扬-钟佳豪
章曼苹-祖母
梁明-邱兰
徐薇-钟母
王明-钟佳麟(幼年)
李守莹-沙珉星
苏芸-嬷嬷
胡小菡-朱辉
李萌-肃琳
田振东-司机
崔超明-美军官
林榛-沙母
江山-日宪
宏霞-李铿
俞仲英-日文教员
石灵-伪联络官",一九三七年，江南某小镇有个开梳篦店的钟家。钟子佳豪、 钟女佳音及其中学好友沙大星，三人都跟美国的传教士高神父补习英文。高乘机向他们散布毒素。后，佳豪不顾老祖母阻拦，与大星到内地抗战。不久，日寇进城，大星的妹妹珉星死于日寇的暴行，佳音也被抓进监狱，经父亲花钱营救出狱。此后，佳音经高神父介绍，到上海教会护士学校读书，她渐渐滋长了崇美思想，当她知道佳豪和大星在美军中当翻译时，非常高兴。抗战胜利后，大星却带回了佳豪被美军谋害的消息，这件事促使佳音觉悟了，她辞去了美国医院的聘约，与大星一同回到故乡，并与大星结了婚。之后，高神父企图用金钱收买佳音，要她劝大星停止反美活动，遭到佳音拒绝。高神父勾结反动派城防司令逮捕了大星。不久全国解放了，大星出狱，钟家一家得以团聚，梳篦店生意兴隆。这时，抗美援朝运动轰轰烈烈地展开了，佳音与弟弟佳麟报名参加抗美援朝。他们怕老祖母阻挡，就偷偷和父母商量。不料却被老祖母偷听到，这时老祖母才知道佳豪被害死的事，她的思想起了很大转变，不但不阻止佳音姊弟的行动，反而因佳麟没被批准到前线去而心中不快。最后，在全家的欢送声中，佳音踏上抗美援朝的征途。