qiao,一九四七年冬，东北某铁路工厂为支援解放战争，接受了抢修松花江铁桥的任务。总工程师看不到群众的力量，对完成任务缺乏信心。少数工人当中也存在着雇佣思想。为制造修复铁桥需要的桥座和铆钉，首先必须修复炼钢炉。为此，工人梁日升创造了以耐火砖代替白云石的办法，试验成功。之后，他们又克服一系列困难，制出修复铁桥需要的桥座和铆钉。为了赶修铁桥，铁路工厂的工人们又响应上级号召，参加了修桥工作，终于在江水解冻之前，将大桥修复。,一九四七年冬，东北某铁路工厂为支援解放战争，接受了抢修松花江铁桥的任务。总工程师看不到群众的力量，对完成任务缺乏信心。少数工人当中也存在着雇佣思想。为制造修复铁桥需要的桥座和铆钉，首先必须修复炼钢炉。为此，工人梁日升创造了以耐火砖代替白云石的办法，试验成功。之后，他们又克服一系列困难，制出修复铁桥需要的桥座和铆钉。为了赶修铁桥，铁路工厂的工人们又响应上级号召，参加了修桥工作，终于在江水解冻之前，将大桥修复。,0
hui dao zi ji dui wu lai,解放战争时期，蒋军士兵吴大刚的家被蒋军抢掠，吴大刚的父亲也遭到蒋军毒打。解放军围攻吴城时，指导员对吴大刚的父亲进行宣传教育，使吴父深受感动，于是他前往城里说服儿子，并和儿子一道，鼓动其他被迫当兵的蒋军士兵投诚。在战斗中，吴大刚和别的蒋军士兵联合起来，抓起了经常欺压他们的蒋军连长，向解放军投诚。,解放战争时期，蒋军士兵吴大刚的家被蒋军抢掠，吴大刚的父亲也遭到蒋军毒打。解放军围攻吴城时，指导员对吴大刚的父亲进行宣传教育，使吴父深受感动，于是他前往城里说服儿子，并和儿子一道，鼓动其他被迫当兵的蒋军士兵投诚。在战斗中，吴大刚和别的蒋军士兵联合起来，抓起了经常欺压他们的蒋军连长，向解放军投诚。,0
guang mang wan zhang,东北某发电厂在蒋军逃窜前遭到破坏，老工人周明英也因此失业。解放后，人民政府准备修复发电厂。周明英首先响应号召，在党的领导下，他团结群众，积极工作。因发电机的固定磁铁受腐蚀，周明英提议想办法克服，而技术人员赵股长和方师傅派负责任，主张换新的。周明英在厂长的鼓励和工友们的合作下，克服困难，修好了发电机，不料又被潜伏的特务王敬生所破坏。周明英并不气馁，他去找赵股长和方师傅商量解决的办法。赵股长和方师傅很受感动，他们和周明英一道，再次将发电机修复好，保证了全市供电。,东北某发电厂在蒋军逃窜前遭到破坏，老工人周明英也因此失业。解放后，人民政府准备修复发电厂。周明英首先响应号召，在党的领导下，他团结群众，积极工作。因发电机的固定磁铁受腐蚀，周明英提议想办法克服，而技术人员赵股长和方师傅怕负责任，主张换新的。周明英在厂长的鼓励和工友们的合作下，克服困难，修好了发电机，不料又被潜伏的特务王敬生所破坏。周明英并不气馁，他去找赵股长和方师傅商量解决的办法。赵股长和方师傅很受感动，他们和周明英一道，再次将发电机修复好，保证了全市供电。,1,而技术人员赵股长和方师傅派负责任，：。建议用“派”替换“怕”
zhong hua nv er,一九三六年，东北人民不堪忍受日寇的残暴统治，他们纷纷投奔抗日联军，打击日寇。被日本鬼子烧死了丈夫的胡秀芝，为了报仇，参加了抗日联军。女战士冷云的丈夫周小队长，在敌人占领的城里做秘密工作，不幸被捕牺牲。消息传来，冷云虽然很悲痛，但她仍然刚毅地接受了炸毁敌人军车的任务。在她们完成任务回队的路上，发现大批敌人正在向抗联大队驻地进攻。冷云一面派人给大队送信，让大队转移；一面率领十几名战士把敌军引到牡丹江边。在战斗中，许多同志牺牲了，最后只剩下冷云、胡秀芝等八个女战士，她们在弹尽粮绝的情况下，视死如归地投入江中。,一九三六年，东北人民不堪忍受日寇的残暴统治，他们纷纷投奔抗日联军，打击日寇。被日本鬼子烧死了丈夫的胡秀芝，为了报仇，参加了抗日联军。女战士冷云的丈夫周小队长，在敌人占领的城里做秘密工作，不幸被捕牺牲。消息传来，冷云虽然很悲痛，但她仍然刚毅地接受了炸毁敌人军车的任务。在她们完成任务回队的路上，发现大批敌人正在向抗联大队驻地进攻。冷云一面派人给大队送信，让大队转移；一面率领十几名战士把敌军引到牡丹江边。在战斗中，许多同志牺牲了，最后只剩下冷云、胡秀芝等八个女战士，她们在弹尽粮绝的情况下，视死如归地投入江中。,0
bai yi zhan shi,在解放战争中，解放军某野战医疗队女队长庄毅，奉命护送伤员转移。途中，遇到敌机轰炸，庄毅在掩护伤员时负伤。她在身体还没有恢复健康的情况下，就给伤员做手术，使伤员们很受感动。伤员们在医护人员的精心护理下，很快恢复了健康，重上战场。在庆功会上，庄毅和她曾经护理过的伤员朱连长及因受伤失掉一只胳膊的杨明清又见面了，他们互相勉励，准备迎接新的战斗。,在解放战争中，解放军某野战医疗队女队长庄毅，奉命护送伤员转移。途中，遇到敌机轰炸，庄在掩护伤员时负伤。她在身体还没有恢复健康的情况下，就给伤员做手术，使伤员们很受感动。伤员们在医护人员的精心护理下，很快恢复了健康，重上战场。在庆功会上，庄毅和她曾经护理过的伤员朱连长及因受伤失掉一只胳膊的杨明清又见面了，他们互相勉励，准备迎接新的战斗。,1,庄毅在掩护伤员时负伤。：。建议插入“毅”，让语义更清晰
wu xing de zhan xian,东北解放以后，潜伏在某城市的国民党特务伺机进行破坏。特务李天民被我公安机关逮捕后，特务头目周少梅又指使崔国芳打入某工厂，窃取我军工生产情报。崔国芳在与另一特务接头的时候，被我公安人员发现。崔在我公安机关的教育和感化下，主动坦白交代了他们的阴谋。我公安机关根据崔国芳提供的线索，将特务一网打尽。崔国芳也获得了自己新的机会。,东北解放以后，潜伏在某城市的国民党特务伺机进行破坏。特务李天民被我公安机关逮捕后，特务头目周少梅又指使崔国芳打入某工厂，窃取我军工生产情报。崔国芳在与另一特务接头的时候，被我公安人员发现。崔在我公安机关的教育和感化下，主动坦白交待了他们的阴谋。我公安机关根据崔国芳提供的线索，将特务一网打尽。崔国芳也获得了自新的机会。,2,主动坦白交代了他们的阴谋。：。建议用“交代”替换“交待”,崔国芳也获得了自己新的机会。：。建议插入“己”，让语义更清晰
biao,在十里洋场的上海街头，流浪孤儿小牛为生活所迫，从万老头的修表铺偷了一块金表，因与小伙伴大猫和小耗子分赃不均打了起来，三人因此被警察拘留，他们凭江湖义气保住了金表的秘密。可是，小牛却因抢馒头和出手伤人两件罪名，被送进了“儿童教养院“。在“教养院“中，小牛偷金表的秘密被院里的训导主任殷小臣发现。殷乘机要挟，令小牛替他盗卖公物，此事被院里的儿童小胖发现。事情发生后，“教养院“的指导员雷春华进行调查，殷却说院子里闹了贼，小牛也拒不承认。小胖联合孩子们准备控告殷做的坏事，小牛得知后又向殷告密，使小胖遭到一顿毒打。最后，小牛得知万老头因丢失顾客修理的金表，被判坐牢三个月，使得万老头的孙女、与自己要好的小伙伴翠翠无家可归。在事实的教育和雷春华的感化下，小牛揭发了殷盗卖公物的罪行，坦白了自己偷表的过错。,在十里洋场的上海街头，流浪孤儿小牛为生活所迫，从万老头的修表铺偷了一块金表，因与小伙伴大猫和小耗子分赃不均打了起来，三人因此被警察拘留，他们凭江湖义气保住了金表的秘密。可是，小牛却因抢馒头和出手伤人两件罪名，被送进了“儿童教养院“。在“教养院“中，小牛偷金表的秘密被院里的训导主任殷小臣发现。殷乘机要挟，令小牛替他盗卖公物，此事被院里的儿童小胖发现。事情发生后，“教养院“的指导员雷春华进行调查，殷却说院子里闹了贼，小牛也拒不承认。小胖联合孩子们准备控告殷做的坏事，小牛得知后又向殷告密，使小胖遭到一顿毒打。最后，小牛得知万老头因丢失顾客修理的金表，被判坐牢三个月，使得万老头的孙女、与自己要好的小伙伴翠翠无家可归。在事实的教育和雷春华的感化下，小牛揭发了殷盗卖公物的罪行，坦白了自己偷表的过错。,0
er bai wu xiao zhuan,抗日战争时期，评剧艺人袁少楼和柳艳云，走南闯北，去各地演剧号召抗日，并讽刺汉奸卖国贼。伪警务局长郑荣勾结日警将少楼拘留，乘机向艳云要挟。少楼获释后，向艳云求婚，艳云有苦难言而婉拒。班主因恐有意外，将少楼遣返。少楼返回北平后，受到中学时同学的盛大欢迎。不久，艳云也来到北平。因北平旧势力太大，他们又同去上海，改革旧评剧，演出《岳飞》《文天祥》《史可法》等进步戏，批判卖国主义，深受群众欢迎。少楼也因不计较角色名次，好打抱不平，人家便给他起了一个“二百五“的绰号。后艳云被逼出嫁，少楼经此打击，饮酒过量以致倒嗓，但他仍努力进行评剧改革。继之，艳云母病危，少楼陪艳云回上海。戏院老板为争取观众，要艳云演因果报应的色情戏《大劈棺》，艳云不愿。少楼献计对原戏进行改造，自己主动扮演戏中“二百五“这一角色，观众看后拍手叫好。汉奸汪精卫成立了伪政权后，要少楼和艳云上演献媚汪政权的汉奸戏，他们称病请假，拒绝演出。汪政府便另组织人马演出。当汉奸戏上演时，观众群情激愤，少楼在台下大声疾呼，阻止演出，结果遭到敌特杀害。,抗日战争时期，评剧艺人袁少楼和柳艳云，走南闯北，去各地演剧号召抗日，并讽刺汉奸卖国贼。伪警务局长郑荣勾结日警将少楼拘留，乘机向艳云要挟。少楼获释后，向艳云求婚，艳云有苦难言而婉拒。班主因恐有意外，将少楼遣返。少楼返回北平后，受到中学时同学的盛大欢迎。不久，艳云也来到北平。因北平旧势力太大，他们又同去上海，改革旧评剧，演出《岳飞》、《文天祥》、《史可法》等进步戏，批判卖国主义，深受群众欢迎。少楼也因不计较角色名次，好打抱不平，人家便给他起了一个“二百五“的绰号。后艳云被逼出嫁，少楼经此打击，饮酒过量以致倒嗓，但他仍努力进行评剧改革。继之，艳云母病危，少楼陪艳云回上海。戏院老板为争取观众，要艳云演因果报应的色情戏《大劈棺》，艳云不愿。少楼献计对原戏进行改造，自己主动扮演戏中“二百五“这一角色，观众看后拍手叫好。汉奸汪精卫成立了伪政权后，要少楼和艳云上演献媚汪政权的汉奸戏，他们称病请假，拒绝演出。汪政府便另组织人马演出。当汉奸戏上演时，观众群情激愤，少楼在台下大声疾呼，阻止演出，结果遭到敌特杀害。,0
wu ya yu ma que,一九四八年冬，上海解放前夕，国民党国防部某科长侯义伯，以某报馆老校对孔有文的儿子参加新四军为由，将孔的一幢民房强行霸占。在国民党政权摇摇欲坠的当时，侯为准备逃命，决定把房子顶出去，捞几个钱。租住房子的中学教员华洁之夫妇、美货摊贩外号“小广播“的肖老板夫妇和原房主孔有文，他们各保自己，不敢斗争。孔想在报馆里找一个铺位，没有成功，他住的房间也被侯买通流氓给捣毁了。华洁之想搬到学校去住，这时正赶上学生罢课，特务校长想利用房子收买他，被他拒绝，搬家的希望落空了。华本人也在“鼓动学潮“的罪名下被捕入狱。侯又借机来调戏华太太。肖老板夫妇自作聪明，把仅有的一点金首饰和贵重药品“盘尼西林“押给侯，借钱去做黄金投机生意，想赚到钱好顶下房子，不料美梦没做成，反被流氓打伤。肖决定把金首饰等物赎回来，侯却借故把他的抵押品吞没了。最后，几户房客在被侯逼得走投无路的情况下，终于和侯面对面地冲突起来。由于大家团结一致，侯使尽了威严仍无济于事。侯正想打电话叫伪警察局来抓人时，却不料南京的长途电话里传来国民党政权土崩瓦解的消息。侯义伯带着老婆狼狈逃跑。这时，华洁之也被当作假和平的点缀释放。经过狱中的磨炼，这位性格软弱的华先生变得坚强多了。旧历除夕的晚上，孔有文搬进了曾被侯霸占的房子。居住在这里的几户人家欢聚在一起吃年夜饭，在爆竹声中，大家愉快地感到，黑暗的时代终于一去不复返了。,一九四八年冬，上海解放前夕，国民党国防部某科长侯义伯，以某报馆老校对孔有文的儿子参加新四军为由，将孔的一幢民房强行霸占。在国民党政权摇摇欲坠的当时，侯为准备逃命，决定把房子顶出去，捞几个钱。租住房子的中学教员华洁之夫妇、美货摊贩外号“小广播“的肖老板夫妇和原房主孔有文，他们各保自己，不敢斗争。孔想在报馆里找一个铺位，没有成功，他住的房间也被侯买通流氓给捣毁了。华洁之想搬到学校去住，这时正赶上学生罢课，特务校长想利用房子收买他，被他拒绝，搬家的希望落空了。华本人也在“鼓动学潮“的罪名下被捕入狱。侯又借机来调戏华太太。肖老板夫妇自作聪明，把仅有的一点金首饰和贵重药品“盘尼西林“押给侯，借钱去做黄金投机生意，想赚到钱好顶下房子，不料美梦没做成，反被流氓打伤。肖决定把金首饰等物赎回来，侯却借故把他的抵押品吞没了。最后，几户房客在被侯逼得走投无路的情况下，终于和侯面对面地冲突起来。由于大家团结一致，侯使尽了威严仍无济于事。侯正想打电话叫伪警察局来抓人时，却不料南京的长途电话里传来国民党政权土崩瓦解的消息。侯义伯带着老婆狼狈逃跑。这时，华洁之也被当作假和平的点缀释放。经过狱中的磨炼，这位性格软弱的华先生变得坚强多了。旧历除夕的晚上，孔有文搬进了曾被侯霸占的房子。居住在这里的几户人家欢聚在一起吃年夜饭，在爆竹声中，大家愉快地感到，黑暗的时代终于一去不复返了。,0
san mao liu lang ji,在解放前的上海，流浪儿童三毛无家可归，睡在垃圾车里，吃别人贴广告用的浆糊，天冷了把麻袋披在身上挡寒。为了生存，他卖过报，拾过烟头，帮别人推过三轮车。在路旁拾到钱夹，他好心地交给了行人，可是行人反说他是扒手，狠狠打了他一顿。他年纪小不懂事，被流氓爷叔骗去做坏事，但当他知道受骗后，却宁愿饿肚子也不肯去偷窃东西。后来被一个有钱的贵妇人收为养子，对他严加管教。贵妇人为三毛举行一次鸡尾酒会。三毛不愿过富贵人家的寄生生活，在酒会进行期间纠合一群讨饭的小伙伴，捣乱了酒会，然后脱下了华丽的衣服，披上了破麻袋，迎着漫天纷飞的大雪，回到流浪的队伍。解放后，他才结束了流浪生活。,在解放前的上海，流浪儿童三毛无家可归，睡在垃圾车里，吃别人贴广告用的浆糊，天冷了把麻袋披在身上挡寒。为了生存，他卖过报，拾过烟头，帮别人推过三轮车。在路旁拾到钱夹，他好心地交给了行人，可是行人反说他是扒手，狠狠打了他一顿。他年纪小不懂事，被流氓爷叔骗去做坏事，但当他知道受骗后，却宁愿饿肚子也不肯去偷窃东西。后来被一个有钱的贵妇人收为养子，对他严加管教。贵妇人为三毛举行一次鸡尾酒会。三毛不愿过富贵人家的寄生生活，在酒会进行期间纠合一群讨饭的小伙伴，捣乱了酒会，然后脱下了华丽的衣服，披上了破麻袋，迎着漫天纷飞的大雪，回到流浪的队伍。解放后，他才结束了流浪生活。,0
zhao yi man,一九三三年，女共产党员赵一曼和她的爱人老曹，在日寇占领下的哈尔滨市领导工人罢工。罢工胜利后，老曹被捕。赵一曼转移到农村，宣传组织群众，支援抗日联军。后来，她又率领一支抗联队伍，抗击日寇。不久，老曹在狱中被敌人杀害，赵一曼化悲痛为力量，继续与敌人作战，沉重地打击了日寇。一九三五年冬，抗日联军得知红军长征胜利到达陕北的消息后，举行庆祝晚会，营地被敌特发现。敌人调来大量人马，将他们包围。赵一曼在掩护部队突围时，身负重伤，被捕入狱。在狱中，她受尽严刑拷打。敌人怕她伤重死去，便把她送到医院治疗。在医院中，看护赵一曼的护士小韩和监视她的董看守，被赵一曼的事迹所感动，与赵一曼同从医院逃出，不幸被敌人追上，抓回狱中，最后赵一曼英勇就义。,一九三三年，女共产党员赵一曼和她的爱人老曹，在日寇占领下的哈尔滨市领导工人罢工。罢工胜利后，老曹被捕。赵一曼转移到农村，宣传组织群众，支援抗日联军。后来，她又率领一支抗联队伍，抗击日寇。不久，老曹在狱中被敌人杀害，赵一曼化悲痛为力量，继续与敌人作战，沉重地打击了日寇。一九三五年冬，抗日联军得知红军长征胜利到达陕北的消息后，举行庆祝晚会，营地被敌特发现。敌人调来大量人马，将他们包围。赵一曼在掩护部队突围时，身负重伤，被捕入狱。在狱中，她受尽严刑拷打。敌人怕她伤重死去，便把她送到医院治疗。在医院中，看护赵一曼的护士小韩和监视她的董看守，被赵一曼的事迹所感动，与赵一曼同从医院逃出，不幸被敌人追上，抓回狱中，最后赵一曼英勇就义。,0
guang rong ren jia,一九四八年冬天，解放东北的最后战役开始了。东北解放区千千万万个翻身农民自愿参加支前民工队。五十多岁的田永太老汉剃掉了多年来留的胡子，抢着上前方抬担架。在火线上他遇到了二儿子二虎，并救护了受伤的大儿子大虎，鼓励儿子们杀敌立功。后来他的两个儿子都在战场上立了功，田永太老汉也在战斗中缴获了一支美国步枪。留在家里的大儿媳、二儿媳当上了劳动英雄。田永太老汉一家荣获“光荣人家“的称号。,一九四八年冬天，解放东北的最后战役开始了。东北解放区千千万万个翻身农民自愿参加支前民工队。五十多岁的田永太老汉剃掉了多年来留的胡子，抢着上前方抬担架。在火线上他遇到了二儿子二虎，并救护了受伤的大儿子大虎，鼓励儿子们杀敌立功。后来他的两个儿子都在战场上立了功，田永太老汉也在战斗中缴获了一支美国步枪。留在家里的大儿媳、二儿媳当上了劳动英雄。田永太老汉一家荣获“光荣人家“的称号。,0
wei guo bao jia,陈家庄获得解放后，陈桂英在抗日政府工作组八路军女战士李玉田的启发、帮助下，摆脱了地主要霸占她的婚姻镣铐，组织妇女们纺线，并被选为纺织模范和村长。在一次劳模会上她和民兵英雄杨德志订了婚。解放战争开始，由于生活提高，桂英幻想结婚过幸福生活，因此，在全村召开的支前动员会上，她为自己的未婚夫决意参军而踌躇。后来在李玉田的批评帮助下，她改正了和平幻想和享乐观念的错误，送未婚夫参了军。五年后，杨随部队回到家乡，和乡亲们一起建设家乡，保卫祖国。,陈家庄获得解放后，陈桂英在抗日政府工作组八路军女战士李玉田的启发、帮助下，摆脱了地主要霸占她的婚姻镣铐，组织妇女们纺线，并被选为纺织模范和村长。在一次劳模会上她和民兵英雄杨德志订了婚。解放战争开始，由于生活提高，桂英幻想结婚过幸福生活，因此，在全村召开的支前动员会上，她为自已的未婚夫决意参军而踌躇。后来在李玉田的批评帮助下，她改正了和平幻想和享乐观念的错误，送未婚夫参了军。五年后，杨随部队回到家乡，和乡亲们一起建设家乡，保卫祖国。,1,她为自己的未婚夫决意参军而踌躇。：。建议用“自己”替换“自已”
hong qi ge,解放前某城市的一个纱厂，资本家残酷地剥削压榨工人。地下党组织领导工人采取各种方式，与资本家进行斗争。在一次与资方斗争中，地下党组织领导人不幸被捕，特务乘机调唆纱厂助理员万国英将女红马芬姐开除，马父因受此打击而病故。解放后，马芬姐又回到纱厂。工厂干部万国英的官僚主义作风，张大梅过激地打击，使马芬姐对眼前的一切产生了疑虑，渐渐变得思想落后，工作消极。纱厂工会了解到这些情况后，派金芳去安慰马芬姐，并批评了万国英。工会的关怀使马芬姐很受感动，她终于转变了态度，投入红旗竞赛。最后她们小组夺得了竞赛红旗。,解放前某城市的一个纱厂，资本家残酷地剥削压榨工人。地下党组织领导工人采取各种方式，与资本家进行斗争。在一次与资方斗争中，地下党组织领导人不幸被捕，特务乘机调唆纱厂助理员万国英将女工马芬姐开除，马父因受此打击而病故。解放后，马芬姐又回到纱厂。工厂干部万国英的官僚主义作风，张大梅过激的打击，使马芬姐对眼前的一切产生了疑虑，渐渐变得思想落后，工作消极。纱厂工会了解到这些情况后，派金芳去安慰马芬姐，并批评了万国英。工会的关怀使马芬姐很受感动，她终于转变了态度，投入红旗竞赛。最后她们小组夺得了竞赛红旗。,2,特务乘机调唆纱厂助理员万国英将女红马芬姐开除，：。建议用“女红”替换“女工”,张大梅过激地打击，：【的】用于定语后名词前，如：红红的苹果；【地】用于状语后动词或形容词前，如：开心地笑了；【得】用于补语或动词后，表示可能可以，如：这东西你摸不得；也可用在动词或形容词后，表示结果或程度的补语，如：跑得很累。。建议用“地”替换“的”
gang tie zhan shi,一九四六年初夏，蒋介石军队集结大量兵力，向我解放军某部发动进攻。解放军某部排长张志坚，为掩护主力部队转移，率领战士狙击敌人。完成任务后，由于弹尽粮绝，张排长等四人不幸被俘。蒋军师长为了要找出解放军隐埋的军工机器和粮食，想从他们身上问出秘密。敌人对张排长采用软硬兼施的办法，张排长坚贞不屈。蒋军政工处长又把张排长的母亲和儿子抓来，妄图用骨肉之情来瓦解张的意志。张母深明大义，在敌人百般威胁和重刑拷打下，不但没有劝儿子屈服，反而勉励儿子坚定意志，与敌人斗争到底。敌人的梦想落空了。不久，解放军开始了大反攻，蒋军师长、处长被俘。张志坚又重新回到自己的队伍，部队授予他一面“钢骨铁筋“的锦旗。,一九四六年初夏，蒋介石军队集结大量兵力，向我解放军某部发动进攻。解放军某部排长张志坚，为掩护主力部队转移，率领战士狙击敌人。完成任务后，由于弹尽粮绝，张排长等四人不幸被俘。蒋军师长为了要找出解放军隐埋的军工机器和粮食，想从他们身上问出秘密。敌人对张排长采用软硬兼施的办法，张排长坚贞不屈。蒋军政工处长又把张排长的母亲和儿子抓来，妄图用骨肉之情来瓦解张的意志。张母深明大义，在敌人百般威胁和重刑拷打下，不但没有劝儿子屈服，反而勉励儿子坚定意志，与敌人斗争到底。敌人的梦想落空了。不久，解放军开始了大反攻，蒋军师长、处长被俘。张志坚又重新回到自己的队伍，部队授予他一面“钢骨铁筋“的锦旗。,0
gao ge meng jin,松江机器厂青年工人孟奎元，带头响应上级号召，进行革新创造，却引起了一些落后工友的不满。老技术工人李广才思想保守，对革新不以为然。工人老魏也认为革新后提高了工作效率，工厂就要裁减工人，思想上想不通。老魏的内侄齐子明是一个投机倒把的流氓商人，他通过老魏的关系，向老李灌输泄气话，并千方百计想博得老李女儿秀兰的欢心。老李、老魏被齐子明的花言巧语所蒙蔽，遂把秀兰许给他。后来，孟奎元在技术员的帮助下，改革了工具，创造了生产最高纪录。老李在小孟的带动和其他工人的影响下，也克服了保守思想，通过改革工具，一再缩短车丝杠的标定时间，不断创造新纪录。老魏也提高了认识，主动代秀兰退掉了与齐子明的婚约。最后，孟奎元与秀兰结成美满夫妻。,松江机器厂青年工人孟奎元，带头响应上级号召，进行革新创造，却引起了一些落后工友的不满。老技术工人李广才思想保守，对革新不以为然。工人老魏也认为革新后提高了工作效率，工厂就要裁减工人，思想上想不通。老魏的内侄齐子明是一个投机倒把的流氓商人，他通过老魏的关系，向老李灌输泄气话，并千方百计想博得老李女儿秀兰的欢心。老李、老魏被齐子明的花言巧语所蒙蔽，遂把秀兰许给他。后来，孟奎元在技术员的帮助下，改革了工具，创造了生产最高纪录。老李在小孟的带动和其他工人的影响下，也克服了保守思想，通过改革工具，一再缩短车丝杠的标定时间，不断创造新纪录。老魏也提高了认识，主动代秀兰退掉了与齐子明的婚约。最后，孟奎元与秀兰结成美满夫妻。,0
liu hu lan,刘胡兰生长在山西省吕梁市文水县云周西村。她小的时候，红军孙同志常给她讲许多革命道理，使她从小就开始树立起反抗恶霸地主的勇敢精神。在劳动中，她和小青渐渐产生了感情。日寇占领文水县后，小青去参加红军，刘胡兰参加抗日工作，被选为村妇救会领导人。她在党的领导下，一边组织群众反“扫荡“，一边搞生产，经过严重考验，于抗战胜利前被批准入党。日寇投降后，小青随队伍胜利归来。不久，国民党反动派又发动了内战。小青又回到自己的队伍。刘胡兰和乡亲们积极给前方的八路军送慰劳品，帮助转移伤员。在一次营救党支书石德辉等人的战斗中，刘胡兰不幸被捕，在蒋军和地主吕善卿的严刑与利诱下，她坚贞不屈，最后英勇就义。中国人民的伟大领袖毛泽东同志为刘胡兰亲笔题悼词：“生得伟大，死得光荣。“,刘胡兰生长在山西省文水县云周西村。她小的时候，红军孙同志常给她讲许多革命道理，使她从小就开始树立起反抗恶霸地主的勇敢精神。在劳动中，她和小青渐渐产生了感情。日寇占领文水县后，小青去参加红军，刘胡兰参加抗日工作，被选为村妇救会领导人。她在党的领导下，一边组织群众反“扫荡“，一边搞生产，经过严重考验，于抗战胜利前被批准入党。日寇投降后，小青随队伍胜利归来。不久，国民党反动派又发动了内战。小青又回到自己的队伍。刘胡兰和乡亲们积极给前方的八路军送慰劳品，帮助转移伤员。在一次营救党支书石德辉等人的战斗中，刘胡兰不幸被捕，在蒋军和地主吕善卿的严刑与利诱下，她坚贞不屈，最后英勇就义。中国人民的伟大领袖毛泽东同志为刘胡兰亲笔题悼词：“生的伟大，死的光荣。“,4,刘胡兰生长在山西省吕梁市文水县云周西村。：建议在“山西省”后增加“吕梁市”，使地址更加完善。建议用“山西省吕梁市文水县”替换“山西省文水县”,中国人民的伟大领袖毛泽东同志为刘胡兰亲笔题悼词：“生得伟大，：【的】用于定语后名词前，如：红红的苹果；【地】用于状语后动词或形容词前，如：开心地笑了；【得】用于补语或动词后，表示可能可以，如：这东西你摸不得；也可用在动词或形容词后，表示结果或程度的补语，如：跑得很累。。建议用“得”替换“的”,中国人民的伟大领袖毛泽东同志为刘胡兰亲笔题悼词：“生得伟大，：【毛泽东】担任主席、同志。政治相关，建议检查,死得光荣。：【的】用于定语后名词前，如：红红的苹果；【地】用于状语后动词或形容词前，如：开心地笑了；【得】用于补语或动词后，表示可能可以，如：这东西你摸不得；也可用在动词或形容词后，表示结果或程度的补语，如：跑得很累。。建议用“得”替换“的”
liao yuan de xiang cun,王汉龙被派到地方偏僻、情况复杂的新解放区桃花川任区长。恶霸地主东霸天同他的女儿孙秀梅及国民党特务李尖头，密谋如何对付新区长王汉龙，他们暗中挑拨思想顽固的倔老头，唆使他出面破坏东、西两村的团结。在修坝问题上，两村群众发生了争执，恶霸、特务乘机扩大事态，打伤了西村主席。王汉龙通过访问老张头，了解了问题的关键。他爱人张娟也去动员村里的妇女。水坝修成后，东霸天和李尖头企图将水坝炸毁，由于民兵的警诫，阴谋未得逞。之后，东霸天和特务李尖头又企图烧毁公粮，民兵把他们逮捕。,王汉龙被派到地方偏僻、情况复杂的新解放区桃花川任区长。恶霸地主东霸天同他的女儿孙秀梅及国民党特务李尖头，密谋如何对付新区长王汉龙，他们暗中挑拨思想顽固的倔老头，唆使他出面破坏东、西两村的团结。在修坝问题上，两村群众发生了争执，恶霸、特务乘机扩大事态，打伤了西村主席。王汉龙通过访问老张头，了解了问题的关键。他爱人张娟也去动员村里的妇女。水坝修成后，东霸天和李尖头企图将水坝炸毁，由于民兵的警戒，阴谋未得逞。之后，东霸天和特务李尖头又企图烧毁公粮，民兵把他们逮捕。,1,由于民兵的警诫，：。建议用“警诫”替换“警戒”
nei meng ren min de sheng li,美蒋特务杨某化妆潜入内蒙某旗，勾结蒙奸吐素拉格对其进行阴谋活动。党派与赫巴特尔及苏合来到该区，发动群众，建立民主政权。给道尔基王爷牧马的顿得布和孟赫巴特尔的妹妹乌云碧勒格的婚事，受到王爷的阻挠。顿得布听信坏人挑拨，把苏合当成坏人，并怀疑孟赫巴特尔出卖了自己的民族。特务杨某和蒙奸吐素拉格其，力促王爷逮捕苏合，公开反共。苏合向王爷和牧民宣传共产党的民族政策，发动群众，争取王爷，并且救护了顿得布的母亲，使顿得布很受感动，从而消除了对苏合的怀疑。随后，顿得布亲眼看见蒙奸和国民党勾结，又撞见杨某调戏乌云碧勒格，懊悔自己受骗。苏合派孟赫巴特尔给上级送信，请调援兵，不幸孟途中遇害。之后，蒙奸吐素拉格其令顿得布刺杀苏合。顿得布却向苏合报告了盂赫巴特尔遇害的情形和蒙奸的阴谋，并要求随苏合同去向上级送信。不久，蒋军侵入草原，苏合、顿得布也领着蒙汉联军赶到，击溃了蒋军，生擒杨某和吐素拉格其，王爷终于觉悟了。最后，顿得布参加了共产党领导的蒙汉联军。,美蒋特务杨某化装潜入内蒙某旗，勾结蒙奸吐素拉格其进行阴谋活动。党派盂赫巴特尔及苏合来到该区，发动群众，建立民主政权。给道尔基王爷牧马的顿得布和孟赫巴特尔的妹妹乌云碧勒格的婚事，受到王爷的阻挠。顿得布听信坏人挑拨，把苏合当成坏人，并怀疑孟赫巴特尔出卖了自己的民族。特务杨某和蒙奸吐素拉格其，力促王爷逮捕苏合，公开反共。苏合向王爷和牧民宣传共产党的民族政策，发动群众，争取王爷，并且救护了顿得布的母亲，使顿得布很受感动，从而消除了对苏合的怀疑。随后，顿得布亲眼看见蒙奸和国民党勾结，又撞见杨某调戏乌云碧勒格，懊悔自己受骗。苏合派孟赫巴特尔给上级送信，请调援兵，不幸孟途中遇害。之后，蒙奸吐素拉格其令顿得布刺杀苏合。顿得布却向苏合报告了盂赫巴特尔遇害的情形和蒙奸的阴谋，并要求随苏合同去向上级送信。不久，蒋军侵入草原，苏合、顿得布也领着蒙汉联军赶到，击溃了蒋军，生擒杨某和吐素拉格其，王爷终于觉悟了。最后，顿得布参加了共产党领导的蒙汉联军。,3,美蒋特务杨某化妆潜入内蒙某旗，：。建议用“化妆”替换“化装”,勾结蒙奸吐素拉格对其进行阴谋活动。：。建议插入“对”，让语义更清晰,党派与赫巴特尔及苏合来到该区，：。建议用“与”替换“盂”
bai mao nv,在华北一个偏僻的农村，佃户杨白劳的女儿喜儿和青年农民王大春相爱。恶霸地主黄世仁想霸占喜儿，在除夕之夜强迫杨白劳卖女顶债，杨白劳被逼喝卤水自杀。喜儿被抢进黄家，被黄世仁奸污。大春救喜儿未成，投奔红军。喜儿也在张二婶的帮助下逃出黄家，途中生下一小孩，随后，她独自逃进深山。由于长时间不见天日的非人生活以及缺乏营养，喜儿的头发变白了，于是村中传说出现了白毛仙姑。两年后，大春随部队回到家乡，领导农民闹翻身。地主利用白毛仙姑的传说，阻挠农民的翻身斗争。为了破除迷信，大春来到深山，找到了白毛仙姑，发现原来就是当年的喜儿。白毛仙姑的秘密揭穿后，农民们清算了恶霸地主黄世仁的罪行，喜儿也伸了冤报了仇。喜儿回到村中参加劳动，头发又变黑了，与大春结婚后，过着美满幸福的生活。,在华北一个偏僻的农村，佃户杨白劳的女儿喜儿和青年农民王大春相爱。恶霸地主黄世仁想霸占喜儿，在除夕之夜强迫杨白劳卖女顶债，杨白劳被逼喝卤水自杀。喜儿被抢进黄家，被黄世仁奸污。大春救喜儿未成，投奔红军。喜儿也在张二婶的帮助下逃出黄家，途中生下一小孩，随后，她独自逃进深山。由于长时间不见天日的非人生活以及缺乏营养，喜儿的头发变白了，于是村中传说出现了白毛仙姑。两年后，大春随部队回到家乡，领导农民闹翻身。地主利用白毛仙姑的传说，阻挠农民的翻身斗争。为了破除迷信，大春来到深山，找到了白毛仙姑，发现原来就是当年的喜儿。白毛仙姑的秘密揭穿后，农民们清算了恶霸地主黄世仁的罪行，喜儿也伸了冤报了仇。喜儿回到村中参加劳动，头发又变黑了，与大春结婚后，过着美满幸福的生活。,0
ren min de zhan shi,一九四六年，国民党反动派疯狂进攻东北解放区。东北人民解放军三下江南打击敌人。松花江南岸的翻身农民刘兴深受反动派的残酷迫害，为了报仇，他参加了解放军，和本村万老头的儿子万良材同在一个连队。这年冬天，在挺进江南的战斗中，万良材为掩护刘兴，身负重伤。在后方医院里，刘兴又和万良材相遇。刘兴伤愈归队后，参加了部队的诉苦运动，提高了阶级觉悟。在围攻某一大城市的战斗中，两个战友又在战场上重逢了，他们并肩作战，双双立了战功。,一九四六年，国民党反动派疯狂进攻东北解放区。东北人民解放军三下江南打击敌人。松花江南岸的翻身农民刘兴深受反动派的残酷迫害，为了报仇，他参加了解放军，和本村万老头的儿子万良材同在一个连队。这年冬天，在挺进江南的战斗中，万良材为掩护刘兴，身负重伤。在后方医院里，刘兴又和万良材相遇。刘兴伤愈归队后，参加了部队的诉苦运动，提高了阶级觉悟。在围攻某一大城市的战斗中，两个战友又在战场上重逢了，他们并肩作战，双双立了战功。,0
bao wei sheng li guo shi,一九四六年，国民党反动派撕毁和平协定，进攻解放区。逃亡地主二阎王勾结蒋军回来劫村，抓走翻身农民梁永清等。解放军救出了被抓的村民，梁永清、侯玉成等为保卫胜利果实，报名参加了解放军。永清在第一次执行侦察任务时，由于没有经验，开枪暴露了目标，使同去的一个战友负伤。后来在老战士张大牛的帮助下，永清渐渐锻炼成为一个好战士，屡建战功，活捉了蒋军的一个司令。全国解放后，为了加强部队的现代化建设，部队抽调梁永清、侯玉成、张大牛到特种兵团去学习。,一九四六年，国民党反动派撕毁和平协定，进攻解放区。逃亡地主二阎王勾结蒋军回来劫村，抓走翻身农民梁永清等。解放军救出了被抓的村民，梁永清、侯玉成等为保卫胜利果实，报名参加了解放军。永清在第一次执行侦察任务时，由于没有经验，开枪暴露了目标，使同去的一个战友负伤。后来在老战士张大牛的帮助下，永清渐渐锻炼成为一个好战士，屡建战功，活捉了蒋军的一个司令。全国解放后，为了加强部队的现代化建设，部队抽调梁永清、侯玉成、张大牛到特种兵团去学习。,0
zai qian jin de dao lu shang,一九四九年冬，我国正处在经济恢复时期，东北某城的东江车站，经常发生堵塞，影响了列车的运转。这个问题引起了铁路管理局党委的注意，派罗真为铁路分局的副局长，去协助分局长何仲光工作。何仲光和罗真原是老战友，何仲光在解放东北期间，曾在运输工作上立过功，解放后在铁路工作上又有了一些成绩，因而产生了骄傲自满的情绪，主观决定新建调车场以解决矛盾。罗真则主张学习苏联的先进调车法。铁路管理总局党委肯定了罗真的意见，采用新的调车法，解决了堵塞现象。最后，上级决定撤掉何仲光分局长的职务，送他去学习。,一九四九年冬，我国正处在经济恢复时期，东北某城的东江车站，经常发生堵塞，影响了列车的运转。这个问题引起了铁路管理局党委的注意，派罗真为铁路分局的副局长，去协助分局长何仲光工作。何仲光和罗真原是老战友，何仲光在解放东北期间，曾在运输工作上立过功，解放后在铁路工作上又有了一些成绩，因而产生了骄傲自满的情绪，主观决定新建调车场以解决矛盾。罗真则主张学习苏联的先进调车法。铁路管理总局党委肯定了罗真的意见，采用新的调车法，解决了堵塞现象。最后，上级决定撤掉何仲光分局长的职务，送他去学习。,0
lv liang ying xiong,一九四二年春，晋绥根据地边沿地区的吕梁山康家寨人民经常遭受日寇骚扰祸害。民兵队长柱子开始由于缺乏经验，工作受到挫折。在上级党组织的领导下，柱子在斗争中逐渐成熟起来。秋天麦子成熟了，柱子组织民兵保护麦收，坚壁清野，打退了抢粮的敌人。村里有个汉奸康锡雪，表面伪装老实，捐出二十石麦子给民兵买枪，以麻痹民兵，暗地里却通知敌人来捕捉干部。这时，民兵因胜利而放松了警惕性，在敌人的突然袭击下受到严重损失，柱子也被俘，受尽敌人的酷刑。区长老马带领全区民兵，乘主力部队围攻县城之机，与搞地下工作的辛老二等里应外合，救出了柱子和被捕的民兵，杀死了日本鬼子指挥官松本，活捉了汉奸康锡雪，解放了水峪镇。日本投降后，柱子参加了解放军。,一九四二年春，晋绥根据地边沿地区的吕梁山康家寨人民经常遭受日寇骚扰祸害。民兵队长柱子开始由于缺乏经验，工作受到挫折。在上级党组织的领导下，柱子在斗争中逐渐成熟起来。秋天麦子成熟了，柱子组织民兵保护麦收，坚壁清野，打退了抢粮的敌人。村里有个汉奸康锡雪，表面伪装老实，捐出二十石麦子给民兵买枪，以麻痹民兵，暗地里却通知敌人来捕捉干部。这时，民兵因胜利而放松了警惕性，在敌人的突然袭击下受到严重损失，柱子也被俘，受尽敌人的酷刑。区长老马带领全区民兵，乘主力部队围攻县城之机，与搞地下工作的辛老二等里应外合，救出了柱子和被捕的民兵，杀死了日本鬼子指挥官松本，活捉了汉奸康锡雪，解放了水峪镇。日本投降后，柱子参加了解放军。,0
gui shen bu ling,某偏僻的山村，村民们不相信科学，迷信鬼神。落后农民康有信巫神，妻子分娩采用旧式方法接生，致使妻子得了产后风，小孩也病了。康有去请大神，这时大神的小孩也正在生病，大神把自己的小孩送到医务所去治，却装神弄鬼欺骗康有，把康有妻子的病越弄越重，小孩也被折磨死了，临走还要了不少东西和钱。康有再次去请巫婆给妻子瞧香，在庙会上，康有听到巫婆的姑妈与康有舅谈话时无意中透露了巫神骗人的真相，于是他就改请医生，医治好了妻子的病。两年后，康有妻第二次生产，他又走老路，母子险些丧命。至此康有才接受教训。村干部为了教育更多的群众和改造巫神，演出了假病试神一场戏，揭穿了巫神骗人的把戏，并通过其他方式的宣传，使群众认识到了鬼神不灵。巫神经过政府的教育，也改邪归正，参加了生产劳动。,某偏僻的山村，村民们不相信科学，迷信鬼神。落后农民康有信巫神，妻子分娩采用旧式方法接生，致使妻子得了产后风，小孩也病了。康有去请大神，这时大神的小孩也正在生病，大神把自己的小孩送到医务所去治，却装神弄鬼欺骗康有，把康有妻子的病越弄越重，小孩也被折磨死了，临走还要了不少东西和钱。康有再次去请巫婆给妻子瞧香，在庙会上，康有听到巫婆的姑妈与康有舅谈话时无意中透露了巫神骗人的真象，于是他就改请医生，医治好了妻子的病。两年后，康有妻第二次生产，他又走老路，母子险些丧命。至此康有才接受教训。村干部为了教育更多的群众和改造巫神，演出了假病试神一场戏，揭穿了巫神骗人的把戏，并通过其他方式的宣传，使群众认识到了鬼神不灵。巫神经过政府的教育，也改邪归正，参加了生产劳动。,1,康有听到巫婆的姑妈与康有舅谈话时无意中透露了巫神骗人的真相，：。建议用“真相”替换“真象”
min zhu qing nian jin xing qu,抗日战争胜利后，国民党反动派又发动全面内战。青年学生们在共产党的领导下，与反动派进行斗争。北京某大学学生方哲仁不问政治，闭门读书，不愿卷入斗争浪潮。国民党特务陈雪屏、江正卿为了破坏学生运动，暗中拉拢中间分子，对参加过青年军的方哲仁进行威胁利诱。他们伪装成青年军，打伤了参加学生宣传队的方哲仁的表妹宋蓓华，方受骗与宋产生了思想分歧。后来在地下党领导人何迈的启发帮助下，方思想有了转变。一次，反动军官来校逮捕何迈时，方哲仁和同学们一起保护了何迈。在“五·二零“学生运动中，方哲仁被特务逮捕，在狱中经受了严峻的考验，他揭露了特务破坏学生运动的阴谋。新中国成立后，方哲仁和青年学生们又承担起新时代赋予他们的任务。,抗日战争胜利后，国民党反动派又发动全面内战。青年学生们在共产党的领导下，与反动派进行斗争。北京某大学学生方哲仁不问政治，闭门读书，不愿卷入斗争浪潮。国民党特务陈雪屏、江正卿为了破坏学生运动，暗中拉拢中间分子，对参加过青年军的方哲仁进行威胁利诱。他们伪装成青年军，打伤了参加学生宣传队的方哲仁的表妹宋蓓华，方受骗与宋产生了思想分歧。后来在地下党领导人何迈的启发帮助下，方思想有了转变。一次，反动军官来校逮捕何迈时，方哲仁和同学们一起保护了何迈。在“五·二零“学生运动中，方哲仁被特务逮捕，在狱中经受了严峻的考验，他揭露了特务破坏学生运动的阴谋。新中国成立后，方哲仁和青年学生们又承担起新时代赋予他们的任务。,0
er nv qin shi,新中国婚姻法颁布后，河北东枣庄青年社员王贵春和李秀兰自由恋爱，遭到秀兰爹李老川的反对。李老川是个旧脑筋，他硬要把女儿嫁给西枣庄的赵大奎。秀兰不同意，去找村妇女主任商量。妇女主任用现身说法，首先使秀兰娘明白了包办婚姻的害处，不再反对女儿的自由恋爱。秀兰和贵春去村政府办理登记手续时，碰上了秀兰爹去区上给秀兰和大奎领结婚证书。原来是办事糊涂的村长给李老川写的介绍信。妇女主任批评了村长的错误，于是村长立刻领着秀兰和贵春到区政府去登记。在区里，李老川和大奎爹赵老蛮见村长突然改变了主张，有点摸不着头脑。经区长解释，李老川才同意取消秀兰和赵大奎的婚约，但仍然反对秀兰和贵春的婚事，并在一气之下宣布和秀兰脱离父女关系。秀兰和贵春结婚后，生活得很好。过了一些日子，李老川终于认识到自己的不对，又和秀兰恢复了父女关系。,新中国婚姻法颁布后，河北东枣庄青年社员王贵春和李秀兰自由恋爱，遭到秀兰爹李老川的反对。李老川是个旧脑筋，他硬要把女儿嫁给西枣庄的赵大奎。秀兰不同意，去找村妇女主任商量。妇女主任用现身说法，首先使秀兰娘明白了包办婚姻的害处，不再反对女儿的自由恋爱。秀兰和贵春去村政府办理登记手续时，碰上了秀兰爹去区上给秀兰和大奎领结婚证书。原来是办事糊涂的村长给李老川写的介绍信。妇女主任批评了村长的错误，于是村长立刻领着秀兰和贵春到区政府去登记。在区里，李老川和大奎爹赵老蛮见村长突然改变了主张，有点摸不着头脑。经区长解释，李老川才同意取消秀兰和赵大奎的婚约，但仍然反对秀兰和贵春的婚事，并在一气之下宣布和秀兰脱离父女关系。秀兰和贵春结婚后，生活得很好。过了一些日子，李老川终于认识到自己的不对，又和秀兰恢复了父女关系。,0
he ping bao wei zhe,一九四九年十月一日，解放军某部在继续追歼南逃残敌的途中，某部沈营长在即将胜利的大好形势下，产生了转业思想。经过师长的帮助和美蒋不甘心失败的反面教育，使他认识到用武装巩固胜利、保卫和平的重要性。这时某大桥的守敌准备炸桥逃跑，我军师部得知这一情报，连夜召集紧急会议，师长命令沈营长在早晨五点钟以前把桥夺下来，以保证部队顺利追歼敌人。战斗打得很激烈，沈营长最喜爱的战斗英雄赵柱子在战斗中负重伤，但部队终于按时拿下了大桥，歼灭了逃跑的残敌。,一九四九年十月一日，解放军某部在继续追歼南逃残敌的途中，某部沈营长在即将胜利的大好形势下，产生了转业思想。经过师长的帮助和美蒋不甘心失败的反面教育，使他认识到用武装巩固胜利、保卫和平的重要性。这时某大桥的守敌准备炸桥逃跑，我军师部得知这一情报，连夜召集紧急会议，师长命令沈营长在早晨五点钟以前把桥夺下来，以保证部队顺利追歼敌人。战斗打得很激烈，沈营长最喜爱的战斗英雄赵柱子在战斗中负重伤，但部队终于按时拿下了大桥，歼灭了逃跑的残敌。,0
nong jia le,杜家庄的翻身农民分得了土地，积极搞生产。张老五的儿子张国宝，在解放战争中作战负伤，复员回乡参加生产。任生产组长的张老五是个旧脑筋，只信老经验，不接受新事物，再加上被斗地主杜天成、二流子刘老二从中捣鬼，弄得村里农民们的思想很混乱，政府推广种洋棉的号召在这里行不通。张国宝和推广队在总结教训的基础上，进一步用事实说明种洋棉的优越性；同时上级还派了农业专家帮助村里治害虫，并用新式农业机械——拖拉机帮助他们进行耕种。通过这一系列的活动，终于使张老五对新事物转变了认识，落后、保守的农民也都积极响应政府种洋棉的号召。结果，棉花获得大丰收。,杜家庄的翻身农民分得了土地，积极搞生产。张老五的儿子张国宝，在解放战争中作战负伤，复员回乡参加生产。任生产组长的张老五是个旧脑筋，只信老经验，不接受新事物，再加上被斗地主杜天成、二流子刘老二从中捣鬼，弄得村里农民们的思想很混乱，政府推广种洋棉的号召在这里行不通。张国宝和推广队在总结教训的基础上，进一步用事实说明种洋棉的优越性；同时上级还派了农业专家帮助村里治害虫，并用新式农业机械——拖拉机帮助他们进行耕种。通过这一系列的活动，终于使张老五对新事物转变了认识，落后、保守的农民也都积极响应政府种洋棉的号召。结果，棉花获得大丰收。,0
da di chong guang,一九四五年八月，日本投降后，国民党反动派撕毁“双十协定“，在新四军转移的时候，派兵围击。浙东四明山区的新四军在人民的支援下，安全撤离了江南。某纵队指导员周强、机枪手老沈、医护人员杨玉文为了掩护伤员陈光生、郭志英、孙二虎、袁学武撤退，被敌人发现，在寡不敌众的情况下被俘。之后，在群众的帮助下，他们打死了看押的敌人，逃到山上。敌人向山区发动进攻，袁学武排长在战斗中牺牲，郭志英在困难面前有些动摇，在指导员及同志们的帮助下，他坚定了信心。后来他们与地下党取得联系，组织人民武装，建立了根据地，开展对敌斗争。一九四九年，解放军百万雄师横渡长江，他们终于找到了自己的部队。,一九四五年八月，日本投降后，国民党反动派撕毁“双十协定“，在新四军转移的时候，派兵围击。浙东四明山区的新四军在人民的支援下，安全撤离了江南。某纵队指导员周强、机枪手老沈、医护人员杨玉文为了掩护伤员陈光生、郭志英、孙二虎、袁学武撤退，被敌人发现，在寡不敌众的情况下被俘。之后，在群众的帮助下，他们打死了看押的敌人，逃到山上。敌人向山区发动进攻，袁学武排长在战斗中牺牲，郭志英在困难面前有些动摇，在指导员及同志们的帮助下，他坚定了信心。后来他们与地下党取得联系，组织人民武装，建立了根据地，开展对敌斗争。一九四九年，解放军百万雄师横渡长江，他们终于找到了自己的部队。,0
ren min de ju zhang,上海解放前夕，隐藏在通宝纱厂里的特务、工贼张荣奉命伪装进步，与被捕工人一同入狱。解放后，张某出狱回厂，在特务头子肖良的指使下，继续伪装进步，以极“左“的言论，在工人中挑拨劳资关系，并指使小特务李福生破坏机器。不久，李福生被厂工会干部朱亚琴所怀疑，李主动向朱作了坦白交代。我公安人员虽已掌握张荣的情况，但仍希望他自觉悔悟。张却执迷不悟，通过狱中难友黄子和的关系，将胞妹杏华安插在江南钢铁厂工作，并从黄的口中获悉江南厂内的机密，使该厂成为敌机轰炸的目标。我公安人员薛家琪向黄了解情况时，黄仍为张荣进行袒护。后经杏华的检举，敌特被一网打尽。,上海解放前夕，隐藏在通宝纱厂里的特务、工贼张荣奉命伪装进步，与被捕工人一同入狱。解放后，张出狱回厂，在特务头子肖良的指使下，继续伪装进步，以极“左“的言论，在工人中挑拨劳资关系，并指使小特务李福生破坏机器。不久，李福生被厂工会干部朱亚琴所怀疑，李主动向朱作了坦白交待。我公安人员虽已掌握张荣的情况，但仍希望他自觉悔悟。张却执迷不悟，通过狱中难友黄子和的关系，将胞妹杏华安插在江南钢铁厂工作，并从黄的口中获悉江南厂内的机密，使该厂成为敌机轰炸的目标。我公安人员薛家琪向黄了解情况时，黄仍为张荣进行袒护。后经杏华的检举，敌特被一网打尽。,2,张某出狱回厂，：。建议插入“某”，让语义更清晰,李主动向朱作了坦白交代。：。建议用“交代”替换“交待”
wu xun zhuan (shang ji),一九四九年十二月五日是武训一百一十年诞辰。山东堂邑县柳林镇外武训祠墓前正开着纪念会，一个女教师向孩子们讲述武训的故事：{LINE_CUT}武训出生于贫苦的农民家庭。五岁丧父，他跟着母亲要了两年饭。一天，七岁的武训拿着辛苦积聚的两百文铜钱跑进一家私店，跪求老师收他念书，却被有钱人家子弟赶了出来。他回到家里，母亲已病死。他的伯母抚育了他七年。以后他就外出做工，四处流浪。十七岁时，武训给馆陶县薛店村大地主张举人家里做长工，受尽张举人和狗腿子赵熊等人欺压、剥削。在张举人家，他结识了曾参加过太平军的车夫周大，得到周大的照顾。他从周大口中得知张举人家女婢小桃被张骗写卖身契的不幸经历，对小桃寄予深切的同情，更明白了穷人不识字的痛苦。三年后，武训的伯母生病，武训的侄孙小茂林来找武训，武训向张举人讨工钱，张举人却造假账，说工钱已支完。武训进行争辩，又遭到一顿毒打。车夫周大愤愤不平，打倒狗腿子，将武训救到一座破庙里。张举人勾结官府，把周大打入死牢。女婢小桃被四奶奶逼着要卖给曹屠夫，她逃到破庙来找武训。当她看见刚从苦闷中解脱出来，梳着歪辫，敲着铜瓢，笑唱着修义学的歌词的小丑模样的武训时，她不愿破坏武训修义学的计划，没有把事情告诉他。这时，狗腿子赵熊来到破庙抢走了小桃，并殴打武训。愤愤不平的农民、死牢里的周大和破庙里的武训，在暴风雨中发出“我们要报仇“的狂喊。,一九四九年十二月五日是武训一百一十年诞辰。山东堂邑县柳林镇外武训祠墓前正开着纪念会，一个女教师向孩子们讲述武训的故事：{LINE_CUT}武训出生于贫苦的农民家庭。五岁丧父，他跟着母亲要了两年饭。一天，七岁的武训拿着辛苦积聚的两百文铜钱跑进一家私垫，跪求老师收他念书，却被有钱人家子弟赶了出来。他回到家里，母亲已病死。他的伯母抚育了他七年。以后他就外出做工，四处流浪。十七岁时，武训给馆陶县薛店村大地主张举人家里做长工，受尽张举人和狗腿子赵熊等人欺压、剥削。在张举人家，他结识了曾参加过太平军的车夫周大，得到周大的照顾。他从周大口中得知张举人家女婢小桃被张骗写卖身契的不幸经历，对小桃寄于深切的同情，更明白了穷人不识字的痛苦。三年后，武训的伯母生病，武训的侄孙小茂林来找武训，武训向张举人讨工钱，张举人却造假帐，说工钱已支完。武训进行争辩，又遭到一顿毒打。车夫周大愤愤不平，打倒狗腿子，将武训救到一座破庙里。张举人勾结官府，把周大打入死牢。女婢小桃被四奶奶逼着要卖给曹屠夫，她逃到破庙来找武训。当她看见刚从苦闷中解脱出来，梳着歪辫，敲着铜瓢，笑唱着修义学的歌词的小丑模样的武训时，她不愿破坏武训修义学的计划，没有把事情告诉他。这时，狗腿子赵熊来到破庙抢走了小桃，并殴打武训。愤愤不平的农民、死牢里的周大和破庙里的武训，在暴风雨中发出“我们要报仇“的狂喊。,3,七岁的武训拿着辛苦积聚的两百文铜钱跑进一家私店，：。建议用“私店”替换“私垫”,对小桃寄予深切的同情，：。建议用“寄予”替换“寄于”,张举人却造假账，：。建议用“账”替换“帐”
wu xun zhuan (xia ji),武训在内心悲愤，外表装笑的小丑姿态下开始了他的新生活。小桃因无路可走，当晚上吊自尽。不久，周大越狱出逃，路经破庙，劝武训参加他们的起义军，武训没有同意。十年过去了，武训靠唱歌卖艺、装疯弄傻，积聚了一百二十吊铜钱，将钱存在地保高春山处。高指使狗腿子刘四偷走武训存钱的字据。武训去恳求高春山，高翻脸不认。但武训并不灰心，继续装疯弄傻募款。又过了二十年，武训积存了六千多串现款和学田。他在德高望重的杨进士门前跪求三天，又亏开明绅士郭芬的支持，终于办起了义学。一天，武训在外出放账路上，遇到周大，周大认为单凭念书，是不能打倒狗官恶霸的，提醒武训当心受骗。武训在义学里看见学生因读书而不肯扛活，听见学生们说，书念好了可以做官，他怀疑了。堂邑县的郭知县到义塾来视察，一定要给武训呈报请奖，强迫他去省里谒见张抚台。张抚台又上奏皇帝为他请封号，造牌坊。武训怀疑并开始痛苦起来。满清王朝面对着当时的农民暴动，为收买民心，批准为武训建牌坊和赏穿黄马褂。当郭知县捧着黄马褂强逼武训穿时，武训忽然倒在地上狂笑乱滚，搅乱了庄严的盛典。这时张举人的狗腿子赵熊跑来报告，说周大率领农民起义军把张家抢烧一空，张举人当场吓死，其他的官吏绅士抱头鼠窜，一哄而散。武训满腔愤慨地拖着黄马褂进入义学，他要穷孩子们牢记“将来长大，千万不要忘记咱庄稼人!“随后抛弃黄马褂，头也不回地走了。周大率领着起义军，风驰电掣地奔过武训的身旁，卷起了阵阵黄尘……{LINE_CUT}女教师在武训祠墓前，给孩子们讲完了武训的故事。他们好像幻见了老年的武训，肩背布褡，手拿铜瓢，在北方原野上缓慢而坚定地走着。,武训在内心悲愤，外表装笑的小丑姿态下开始了他的新生活。小桃因无路可走，当晚上吊自尽。不久，周大越狱出逃，路经破庙，劝武训参加他们的起义军，武训没有同意。十年过去了，武训靠唱歌卖艺、装疯弄傻，积聚了一百二十吊铜钱，将钱存在地保高春山处。高指使狗腿子刘四偷走武训存钱的字据。武训去恳求高春山，高翻脸不认。但武训并不灰心，继续装疯弄傻募款。又过了二十年，武训积存了六千多串现款和学田。他在德高望众的杨进士门前跪求三天，又亏开明绅士郭芬的支持，终于办起了义学。一天，武训在外出放账路上，遇到周大，周大认为单凭念书，是不能打倒狗官恶霸的，提醒武训当心受骗。武训在义学里看见学生因读书而不肯扛活，听见学生们说，书念好了可以做官，他怀疑了。堂邑县的郭知县到义塾来视察，一定要给武训呈报请奖，强迫他去省里谒见张抚台。张抚台又上奏皇帝为他请封号，造牌坊。武训怀疑并开始痛苦起来。满清王朝面对着当时的农民暴动，为收买民心，批准为武训建牌坊和赏穿黄马褂。当郭知县捧着黄马褂强逼武训穿时，武训忽然倒在地上狂笑乱滚，搅乱了庄严的盛典。这时张举人的狗腿子赵熊跑来报告，说周大率领农民起义军把张家抢烧一空，张举人当场吓死，其他的官吏绅士抱头鼠窜，一哄而散。武训满腔愤慨地拖着黄马褂进入义学，他要穷孩子们牢记“将来长大，千万不要忘记咱庄稼人!“随后抛弃黄马褂，头也不回地走了。周大率领着起义军，风驰电掣地奔过武训的身旁，卷起了阵阵黄尘……{LINE_CUT}女教师在武训祠墓前，给孩子们讲完了武训的故事。他们好象幻见了老年的武训，肩背布褡，手拿铜瓢，在北方原野上缓慢而坚定地走着。,2,他在德高望重的杨进士门前跪求三天，：。建议用“德高望重”替换“德高望众”,他们好像幻见了老年的武训，：。建议用“好像”替换“好象”
tai ping chun,解放前，在浙东某小镇，裁缝刘金发之女凤英与徒工张根宝相爱并订婚。地主恶霸赵老爷要强娶风英为妾。刘裁缝不答应，赵就勾结国民党军队的王团长，把根宝抓去当壮丁。刘不知这是赵设下的圈套，去求赵营救。赵乘机要挟凤英嫁他，凤英为了救根宝，被迫应允。根宝回来后，知道了自己被释放的原因，他不愿凤英为他牺牲，劝她一同逃走。凤英怕连累父亲，不肯答应。根宝和抬花轿的王大毛等设计，在结婚那天，当花轿抬到城外时，大毛等让凤英随根宝一起逃走。赵得不到凤英，勾结王团长把刘裁缝和王大毛等抓进了监狱。这时，人民解放军已渡过长江，赵准备逃命，但无法携带细软，于是放了刘裁缝，利用刘的谨慎忠厚，花言巧语骗其答应替他保管财物，并送刘裁缝一笔金银作为酬谢。解放后，风英和根宝回到家乡准备结婚。刘裁缝要用代赵保管财物的酬金给女儿办喜事。凤英与根宝则劝他将这笔财物交公，刘裁缝照办了，因而受到人民政府的表扬与奖励。,解放前，在浙东某小镇，裁缝刘金发之女凤英与徒工张根宝相爱并订婚。地主恶霸赵老爷要强娶风英为妾。刘裁缝不答应，赵就勾结国民党军队的王团长，把根宝抓去当壮丁。刘不知这是赵设下的圈套，去求赵营救。赵乘机要挟凤英嫁他，凤英为了救根宝，被迫应允。根宝回来后，知道了自己被释放的原因，他不愿凤英为他牺牲，劝她一同逃走。凤英怕连累父亲，不肯答应。根宝和抬花轿的王大毛等设计，在结婚那天，当花轿抬到城外时，大毛等让凤英随根宝一起逃走。赵得不到凤英，勾结王团长把刘裁缝和王大毛等抓进了监狱。这时，人民解放军已渡过长江，赵准备逃命，但无法携带细软，于是放了刘裁缝，利用刘的谨慎忠厚，花言巧语骗其答应替他保管财物，并送刘裁缝一笔金银作为酬谢。解放后，风英和根宝回到家乡准备结婚。刘裁缝要用代赵保管财物的酬金给女儿办喜事。凤英与根宝则劝他将这笔财物交公，刘裁缝照办了，因而受到人民政府的表扬与奖励。,0
si xiang wen ti,上海解放初期，一群出身不同、思想复杂的知识分子进入华东人民革命大学学习。小组长李振威工作积极，但有急性病，恨不得一下子就使自己领导的小组变成模范组。偏偏这一组同学的思想情况特别复杂。有前来镀金、目空一切的美国奴化教育培养出来的大学生周正华；有国民党反动军队中的连长胡彪；有造谣生事的特务何祥瑞；有以学习来混饭吃的公务员于志让；有只知吃喝玩乐来赶时髦的都市女郎袁美霞；有整天只晓得打架胡闹的地主儿子王长生。开始李振威认为周正华的思想顽固，加上何祥瑞、胡彪的挑拨，周正华找班部赵主任企图大闹一场，他更觉得周的思想无法改造。但在赵主任的批评教育下，周开始有了转变。经过三个月的学习，每个人都有不同程度的进步。地主儿子入了团；反动连长主动交出了枪支；特务也坦白了自己的罪行；其余的人也都有了很大进步，大家都参加了革命工作。李振威也克服了急躁的毛病。,上海解放初期，一群出身不同、思想复杂的知识分子进入华东人民革命大学学习。小组长李振威工作积极，但有急性病，恨不得一下子就使自己领导的小组变成模范组。偏偏这一组同学的思想情况特别复杂。有前来镀金、目空一切的美国奴化教育培养出来的大学生周正华；有国民党反动军队中的连长胡彪；有造谣生事的特务何祥瑞；有以学习来混饭吃的公务员于志让；有只知吃喝玩乐来赶时髦的都市女郎袁美霞；有整天只晓得打架胡闹的地主儿子王长生。开始李振威认为周正华的思想顽固，加上何祥瑞、胡彪的挑拨，周正华找班部赵主任企图大闹一场，他更觉得周的思想无法改造。但在赵主任的批评教育下，周开始有了转变。经过三个月的学习，每个人都有不同程度的进步。地主儿子入了团；反动连长主动交出了枪支；特务也坦白了自己的罪行；其余的人也都有了很大进步，大家都参加了革命工作。李振威也克服了急躁的毛病。,0
wo zhe yi bei zi,一个奉公守法的北京旧警察“我“，晚年时回忆他五十年来经历的往事：{LINE_CUT}清朝末年，“我“二十多岁，失了业，经同院巡警赵大爷介绍，当了清朝政府的巡警。当时清兵腐败，杀人放火，奸淫掳掠，无人敢管。不久，在武昌爆发了孙中山领导的国民革命军起义，推翻了清朝的封建统治。“我“这时被派在一位秦大人家里当门警，目睹秦大人的骄奢淫佚，贪污腐化，原来抱的希望，渐渐有点茫然了。一九一九年爆发了反帝反封建的“五四“运动。秦大人倒了台。“我“升了巡警，并结识了学生运动领袖申远。没过几年，秦大人又上台了。“我“又被派在秦家公馆当门警。秦大人的官做得更大，势派比以前更阔，但老百姓却更穷了。“我“被降为三等警察，妻子也死了，留下女儿大妞和儿子海福，生活更加艰难。这时，各地又闹起了革命党，秦大人四处抓革命党，“我“在一次风声紧急时，放走了申远。不久，中国统一了，五色旗换成了青天白日旗。女儿大妞有了婆家。儿子海福也当了国民党政府的警察，他跟申远的关系很好。在日寇侵华期间，国民党政府不抵抗，祖国的大好河山被日寇占领。海福的未婚妻小玉，也被抓去慰劳日军，“我“束手无策。海福经申远介绍，参加了共产党领导的八路军。之后，申远不幸被捕入狱。抗战胜利后，国民党、汉奸窃取了胜利果实。“我“因儿子参加八路军，被抓进了监狱。在狱中碰见了申远，经申远的启发、教育，“我“终于从错误的认识中清醒过来。北京解放后，“我“找到了儿子，并参加了革命队伍。,一个奉公守法的北京旧警察“我“，晚年时回忆他五十年来经历的往事：{LINE_CUT}清朝末年，“我“二十多岁，失了业，经同院巡警赵大爷介绍，当了清朝政府的巡警。当时清兵腐败，杀人放火，奸淫掳掠，无人敢管。不久，在武昌爆发了孙中山领导的国民革命军起义，推翻了清朝的封建统治。“我“这时被派在一位秦大人家里当门警，目睹秦大人的骄奢淫佚，贪污腐化，原来抱的希望，渐渐有点茫然了。一九一九年爆发了反帝反封建的“五四“运动。秦大人倒了台。“我“升了巡警，并结识了学生运动领袖申远。没过几年，秦大人又上台了。“我“又被派在秦家公馆当门警。秦大人的官做得更大，势派比以前更阔，但老百姓却更穷了。“我“被降为三等警察，妻子也死了，留下女儿大妞和儿子海福，生活更加艰难。这时，各地又闹起了革命党，秦大人四处抓革命党，“我“在一次风声紧急时，放走了申远。不久，中国统一了，五色旗换成了青天白日旗。女儿大妞有了婆家。儿子海福也当了国民党政府的警察，他跟申远的关系很好。在日寇侵华期间，国民党政府不抵抗，祖国的大好河山被日寇占领。海福的未婚妻小玉，也被抓去慰劳日军，“我“束手无策。海福经申远介绍，参加了共产党领导的八路军。之后，申远不幸被捕入狱。抗战胜利后，国民党、汉奸窃取了胜利果实。“我“因儿子参加八路军，被抓进了监狱。在狱中碰见了申远，经申远的启发、教育，“我“终于从错误的认识中清醒过来。北京解放后，“我“找到了儿子，并参加了革命队伍。,2,“我“又被派在秦家公馆当门警。：。建议检查,“我“在一次风声紧急时，：。建议检查
fu shi (1950),抗日战争时期，上海一女青年赵惠明由于追求精神和物质享受，与丈夫张小昭分了手。不久，赵结识了一个叫希强的青年，并和他发生了关系。后来赵发现希原来是一个特务。不久，赵又被希所抛弃。她自己也卷入特务组织而不能自拔，搞情报，当间谍，出卖色相，干了一系列特务勾当。一次，赵奉命侦察分手多年的丈夫、共产党员张小昭的活动，她非常矛盾，正在无计可施时，张已被特务机关逮捕。她又受命去收买张。在狱中，她为张坚强不屈的精神所感动，决心把张兰救出，以赎前罪。她的企图被特务头目识破，被降级调到沙坪坝做检查邮信的工作。在沙坪坝学校，她认识了一个叫安兰的女学生，也是无意中失足落入特务机关的，她从安兰身上看见了自己从前的影子，引起很大震动。这时，传来张小昭慷慨就义的消息，当她看到张小昭留给她的一封遗书，要她跳出火坑，重新做人时，她悔恨交加，终于醒悟过来，带着安兰一同回到解放区的故乡。,抗日战争时期，上海一女青年赵惠明由于追求精神和物质享受，与丈夫张小昭分了手。不久，赵结识了一个叫希强的青年，并和他发生了关系。后来赵发现希原来是一个特务。不久，赵又被希所抛弃。她自己也卷入特务组织而不能自拔，搞情报，当间谍，出卖色相，干了一系列特务勾当。一次，赵奉命侦察分手多年的丈夫、共产党员张小昭的活动，她非常矛盾，正在无计可施时，张已被特务机关逮捕。她又受命去收买张。在狱中，她为张坚强不屈的精神所感动，决心把张救出，以赎前罪。她的企图被特务头目识破，被降级调到沙坪坝做检查邮信的工作。在沙坪坝学校，她认识了一个叫安兰的女学生，也是无意中失足落入特务机关的，她从安兰身上看见了自已从前的影子，引起很大震动。这时，传来张小昭慷慨就义的消息，当她看到张小昭留给她的一封遗书，要她跳出火坑，重新作人时，她悔恨交加，终于醒悟过来，带着安兰一同回到解放区的故乡。,3,决心把张兰救出，：。建议插入“兰”，让语义更清晰,她从安兰身上看见了自己从前的影子，：。建议用“自己”替换“自已”,重新做人时，：“作”用于表示抽象意义的范围，如作贡献，作补充。 “做”用于表示具体行为的范围，如做功课，做游戏。。建议用“做人”替换“作人”
gui hua,反动的一贯道会头子想通过封建会道门来破坏抗美援朝运动，他们派爪牙装神弄鬼、散布谣言、蛊惑人心。农民周成过去被骗参加过一贯道，这次又被他们散布的那套鬼话吓唬住了。周成的妹妹小荣是个少先队员，她不相信一贯道编造的谣言。一天，小荣假装肚子痛，她跟哥哥周成开玩笑，说是因为得罪了仙佛的缘故才惹起病来的。这时，周成的远亲、一贯道的特务爪牙有福装扮鬼怪，恐吓周家。民兵闻讯赶来搜查，终于抓到了装鬼的有福，周成方知受了骗。,反动的一贯道会头子想通过封建会道门来破坏抗美援朝运动，他们派爪牙装神弄鬼、散布谣言、蛊惑人心。农民周成过去被骗参加过一贯道，这次又被他们散布的那套鬼话吓唬住了。周成的妹妹小荣是个少先队员，她不相信一贯道编造的谣言。一天，小荣假装肚子痛，她跟哥哥周成开玩笑，说是因为得罪了仙佛的原故才惹起病来的。这时，周成的远亲、一贯道的特务爪牙有福装扮鬼怪，恐吓周家。民兵闻讯赶来搜查，终于抓到了装鬼的有福，周成方知受了骗。,1,说是因为得罪了仙佛的缘故才惹起病来的。：。建议用“缘故”替换“原故”
xin er nv ying xiong zhuan,一九三七年“七·七“事变后，冀中白洋淀地区农民经常遭到败兵土匪的骚扰。八路军来到后，领导农民减租减息，抗日自卫。农民牛大水参加了人民武装，作战勇敢，工作积极。他的远亲杨小梅不堪丈夫张金龙的虐待，也参加了革命，与牛大水同村工作。经小梅争取，张金龙也参加了抗日工作，后又随汉奸何世雄投敌，小梅因此决定与他脱离关系。在敌人“大扫荡“中，杨小梅受伤，牛大水为救民兵高屯儿，被张金龙捕去，何世雄、张金龙对他施以酷刑，他坚贞不屈。此时高屯儿俘获了何世雄的儿子何狗皮，迫使何世雄换人，将牛大水救了回来。牛大水回来后与小梅同在一处养伤，他们互相帮助，感情益深，伤愈后，又一起打击敌人。不久，小梅得到何世雄部撤退的消息，牛大水带领民兵进行围击，活捉了何世雄、张金龙。,一九三七年“七·七“事变后，冀中白洋淀地区农民经常遭到败兵土匪的骚扰。八路军来到后，领导农民减租减息，抗日自卫。农民牛大水参加了人民武装，作战勇敢，工作积极。他的远亲杨小梅不堪丈夫张金龙的虐待，也参加了革命，与牛大水同村工作。经小梅争取，张金龙也参加了抗日工作，后又随汉奸何世雄投敌，小梅因此决定与他脱离关系。在敌人“大扫荡“中，杨小梅受伤，牛大水为救民兵高屯儿，被张金龙捕去，何世雄、张金龙对他施以酷刑，他坚贞不屈。此时高屯儿俘获了何世雄的儿子何狗皮，迫使何世雄换人，将牛大水救了回来。牛大水回来后与小梅同在一处养伤，他们互相帮助，感情益深，伤愈后，又一起打击敌人。不久，小梅得到何世雄部撤退的消息，牛大水带领民兵进行围击，活捉了何世雄、张金龙。,0
shan bei mu ge,一九三五年，陕北高原卧牛镇的农民不堪忍受地主和国民党军队的压迫，暗地里组织了赤卫队，等待着红军来打寨子。白军邱团长和地主张瑞堂下令搜查红军工作人员。红军老李被团丁们追逐着，放羊娃成宝娃和白秀兰把老李藏在羊群中，骗过敌人。一天，白军抢走了成宝娃的两只羊，地主张瑞堂要枪毙成宝娃，白秀兰的父亲白海旺要用女儿心爱的手镯去赔偿地主的两只羊，党支部书记马三宝带来了乡亲们的捐款，救回了成宝娃。成宝娃参加了游击队。后来，地主张瑞堂要把成宝娃的干妹子白秀兰送给邱团长做妾，老李带领赤卫队救回被抢走的秀兰。不久刘志丹领导的陕北红军与游击队会合，进攻卧牛镇，马三宝领着赤卫队作内应，攻下卧牛镇，打垮了盘踞该镇的蒋军，成宝娃亲手击毙了恶霸地主张瑞堂。卧牛镇的农民分到了土地，成宝娃和白秀兰结了婚，最后，两人都参加了红军。,一九三五年，陕北高原卧牛镇的农民不堪忍受地主和国民党军队的压迫，暗地里组织了赤卫队，等待着红军来打寨子。白军邱团长和地主张瑞堂下令搜查红军工作人员。红军老李被团丁们追逐着，放羊娃成宝娃和白秀兰把老李藏在羊群中，骗过敌人。一天，白军抢走了成宝娃的两只羊，地主张瑞堂要枪毙成宝娃，白秀兰的父亲白海旺要用女儿心爱的手镯去赔偿地主的两只羊，党支部书记马三宝带来了乡亲们的捐款，救回了成宝娃。成宝娃参加了游击队。后来，地主张瑞堂要把成宝娃的干妹子白秀兰送给邱团长做妾，老李带领赤卫队救回被抢走的秀兰。不久刘志丹领导的陕北红军与游击队会合，进攻卧牛镇，马三宝领着赤卫队作内应，攻下卧牛镇，打垮了盘踞该镇的蒋军，成宝娃亲手击毙了恶霸地主张瑞堂。卧牛镇的农民分到了土地，成宝娃和白秀兰结了婚，最后，两人都参加了红军。,0
zou xiang xin zhong guo,冶金工程师常为梁从美国留学归来，在国民党黑暗统治的旧中国，他的“工业救国“理想破灭了。常工程师的内弟许敏认识到“搞工业首先要搞好中国“，便毅然投奔解放区。常工程师虽然对国民党不满，但对共产党也不了解，因此异常苦闷、消沉。不久他所住的城市解放了，常工程师很兴奋。后来，由于某些工人不尊重技术人员，引起他的不快和消极，他更加看不到工人的力量。为增加生产，厂里决定修复三号马丁炉。常工程师机械地照搬书本上的一套，结果没有成功。工人们反对他的理论，主张自己干，结果也失败了。军代表一方面教育工人，一方面用事实说服常工程师，帮他提高了觉悟。随后，他与工人结合起来，修复了马丁炉。正当马丁炉出第一炉钢时，国民党的飞机来轰炸，马丁炉只好停火，钢水凝固了，常工程师想办法使钢水化开。新中国成立后，常工程师的改革计划被批准，他成了新中国的积极建设者。,冶金工程师常为梁从美国留学归来，在国民党黑暗统治的旧中国，他的“工业救国“理想破灭了。常工程师的内弟许敏认识到“搞工业首先要搞好中国“，便毅然投奔解放区。常工程师虽然对国民党不满，但对共产党也不了解，因此异常苦闷、消沉。不久他所住的城市解放了，常工程师很兴奋。后来，由于某些工人不尊重技术人员，引起他的不快和消极，他更加看不到工人的力量。为增加生产，厂里决定修复三号马丁炉。常工程师机械地照搬书本上的一套，结果没有成功。工人们反对他的理论，主张自己干，结果也失败了。军代表一方面教育工人，一方面用事实说服常工程师，帮他提高了觉悟。随后，他与工人结合起来，修复了马丁炉。正当马丁炉出第一炉钢时，国民党的飞机来轰炸，马丁炉只好停火，钢水凝固了，常工程师想办法使钢水化开。新中国成立后，常工程师的改革计划被批准，他成了新中国的积极建设者。,0
nv si ji,东北解放后，中长铁路大连机务段正在训练第一批女司机。领导她们的陆师傅有轻视妇女的思想，对教妇女学开火车没信心。孙桂兰文化水平低，学习有困难，党支部就派积极分子小张帮助她，她进步很快。冯小梅因成绩好，看不起孙桂兰，提出要在检查机车的考试竞赛里，向孙桂兰挑战。孙桂兰为了大家进步，同意分组搞集体竞赛，结果孙桂兰小组获胜，冯小梅只顾个人成绩而使全组落后了。在最后一次单独掌握机车考试的时候，冯小梅很骄傲地开着火车，半路上，突然发现一辆骡车倒在铁轨上，她一时不知怎么办，慌了手脚，幸亏孙桂兰勇敢沉着地搬动运转机，使火车停住，才避免事故发生。冯小梅很受感动，认识到自己闹个人主义是不对的。陆师傅也克服了轻视妇女的思想。在党的领导下，在苏联专家谢道夫和周技师的帮助下，女学员们不怕困难，努力钻研，终于掌握了技术，成为新中国第一批女司机。,东北解放后，中长铁路大连机务段正在训练第一批女司机。领导她们的陆师傅有轻视妇女的思想，对教妇女学开火车没信心。孙桂兰文化水平低，学习有困难，党支部就派积极分子小张帮助她，她进步很快。冯小梅因成绩好，看不起孙桂兰，提出要在检查机车的考试竞赛里，向孙桂兰挑战。孙桂兰为了大家进步，同意分组搞集体竞赛，结果孙桂兰小组获胜，冯小梅只顾个人成绩而使全组落后了。在最后一次单独掌握机车考试的时候，冯小梅很骄傲地开着火车，半路上，突然发现一辆骡车倒在铁轨上，她一时不知怎么办，慌了手脚，幸亏孙桂兰勇敢沉着地搬动运转机，使火车停住，才避免事故发生。冯小梅很受感动，认识到自己闹个人主义是不对的。陆师傅也克服了轻视妇女的思想。在党的领导下，在苏联专家谢道夫和周技师的帮助下，女学员们不怕困难，努力钻研，终于掌握了技术，成为新中国第一批女司机。,0
tuan jie qi lai dao ming tian,上海解放前夕，某纱厂工人在地下党组织领导下展开罢工斗争。开始，工人们的斗争情绪非常高涨，但由于对困难估计不足，斗争受到一些损失。纱厂地下党支部书记张世芳在紧要关头，因势利导，避免了更大规模的流血牺牲，保存了力量。为了掩护地下党组织和工人斗争的需要，张世芳机智地打入黄色工会。国民党党棍周高明为了在竞选中拉选票，收去了全厂工人的身份证，导致全厂工人的罢工。敌人进行血腥镇压，全市工人和学生进行声援，使罢工获得胜利。随后，解放军进逼上海，国民党反动派企图运走物资、破坏工厂机器。张世芳组织工人进行护厂斗争，粉碎了敌人的阴谋。,上海解放前夕，某纱厂工人在地下党组织领导下展开罢工斗争。开始，工人们的斗争情绪非常高涨，但由于对困难估计不足，斗争受到一些损失。纱厂地下党支部书记张世芳在紧要关头，因势利导，避免了更大规模的流血牺牲，保存了力量。为了掩护地下党组织和工人斗争的需要，张世芳机智地打入黄色工会。国民党党棍周高明为了在竞选中拉选票，收去了全厂工人的身份证，导致全厂工人的罢工。敌人进行血腥镇压，全市工人和学生进行声援，使罢工获得胜利。随后，解放军进逼上海，国民党反动派企图运走物资、破坏工厂机器。张世芳组织工人进行护厂斗争，粉碎了敌人的阴谋。,0
sheng li chong feng,青年农民耿海林为了办好婚事，把家里仅有的一亩八分地押给地主柴大肚子。柴大肚子勾结崔保长把地白白吞占了。耿海林新婚不久，又被抓去当兵，受尽蒋军军官的欺压。日本投降后，国民党反动派大举向解放区进攻，耿海林被运往东北打内战。他被解放后，编入东北民主联军。经教育，他逐渐改掉了由国民党的军队里带来的恶习，并成为战斗英雄。我大军南下时，耿海林来到家乡，看到家乡的一切都变了，开始他疑心妻子银杏已经改嫁，也不认识自己的亲生儿子。经过一些误会，最后才与妻儿团聚。耿海林的家乡经过土改，斗倒了地主柴大肚子，一家四口人分到十二亩地和一头黄牛，但不共戴天的仇人柴大肚子却逃到南方。为了保卫胜利果实，不让反动派复辟，耿海林又随大军南下杀敌。,青年农民耿海林为了办好婚事，把家里仅有的一亩八分地押给地主柴大肚子。柴大肚子勾结崔保长把地白白吞占了。耿海林新婚不久，又被抓去当兵，受尽蒋军军官的欺压。日本投降后，国民党反动派大举向解放区进攻，耿海林被运往东北打内战。他被解放后，编入东北民主联军。经教育，他逐渐改掉了由国民党的军队里带来的恶习，并成为战斗英雄。我大军南下时，耿海林来到家乡，看到家乡的一切都变了，开始他疑心妻子银杏已经改嫁，也不认识自己的亲生儿子。经过一些误会，最后才与妻儿团聚。耿海林的家乡经过土改，斗倒了地主柴大肚子，一家四口人分到十二亩地和一头黄牛，但不共戴天的仇人柴大肚子却逃到南方。为了保卫胜利果实，不让反动派复辟，耿海林又随大军南下杀敌。,0
shang rao ji zhong ying,一九四一年一月，国民党反动派制造了震惊中外的“皖南事变“，新四军将士六、七百人被俘，和东南各省被捕的爱国人士二、三百人一起被国民党反动派关在上饶集中营，遭受残酷迫害。特务用诱骗、酷刑等手段，强迫他们“悔过“、“自首“，均未得逞。被俘的新四军女战士施珍被轮奸致残，但她始终不向反动派低头。小学教员苏琳最初经受不住精神上的折磨，在施珍的帮助和鼓舞下，她坚强了起来，特务为了恐吓她，把她带去陪绑，苏琳宁死不屈，最后随同施珍跳进潭水。特务为了分化瓦解革命者，伪造了一个新四军组织部长赵宏“自首“的宣言，使一些不明真相的人受骗。但赵宏仍然毫不动摇，对党忠心耿耿，使敌人的这一阴谋破产了。一九四二年五月，日寇进逼金华、衢州时，国民党特务裹胁被俘人员南撤，行至赤石，被俘人员在地下党组织的领导下暴动成功。,一九四一年一月，国民党反动派制造了震惊中外的“皖南事变“，新四军将士六、七百人被俘，和东南各省被捕的爱国人士二、三百人一起被国民党反动派关在上饶集中营，遭受残酷迫害。特务用诱骗、酷刑等手段，强迫他们“悔过“、“自首“，均未得逞。被俘的新四军女战士施珍被轮奸致残，但她始终不向反动派低头。小学教员苏琳最初经受不住精神上的折磨，在施珍的帮助和鼓舞下，她坚强了起来，特务为了恐吓她，把她带去陪绑，苏琳宁死不屈，最后随同施珍跳进潭水。特务为了分化瓦解革命者，伪造了一个新四军组织部长赵宏“自首“的宣言，使一些不明真相的人受骗。但赵宏仍然毫不动摇，对党忠心耿耿，使敌人的这一阴谋破产了。一九四二年五月，日寇进逼金华、衢州时，国民党特务裹胁被俘人员南撤，行至赤石，被俘人员在地下党组织的领导下暴动成功。,0
hai shang feng bao,解放军某部四十二个战士，在郭连长带领下，出海演习作战，遇到风暴，船触礁被冲到一个孤岛上。盘踞在孤岛附近黑衫岛的蒋军乘机围攻，并威逼水手前来送信诱降。由于我军战士的沉着机智，敌人摸不清底细，灰溜溜地走了。到了第七天夜晚，郭连长派郑排长和小杨乘木筏回大陆联系。之后，郭连长又派夏排副乘木筏前往偷袭敌岛。夏排副等完成了抓船任务回岛时，敌人尾随追来，以优势兵力强行登岛。正当郭连长他们弹尽粮绝万分危急的关头，郑排长带着援兵及时赶到，消灭了敌人。,解放军某部四十二个战士，在郭连长带领下，出海演习作战，遇到风暴，船触礁被冲到一个孤岛上。盘踞在孤岛附近黑衫岛的蒋军乘机围攻，并威逼水手前来送信诱降。由于我军战士的沉着机智，敌人摸不清底细，灰溜溜地走了。到了第七天夜晚，郭连长派郑排长和小杨乘木筏回大陆联系。之后，郭连长又派夏排副乘木筏前往偷袭敌岛。夏排副等完成了抓船任务回岛时，敌人尾随追来，以优势兵力强行登岛。正当郭连长他们弹尽粮绝万分危急的关头，郑排长带着援兵及时赶到，消灭了敌人。,0
cui gang hong qi,一九三三年，红军粉碎了蒋介石的第四次“围剿“后，在江西老苏区翠岗地区扩红，江猛子报名参军，他的新婚妻子向五儿鼓励他英勇杀敌。一九四四年，猛子随红军长征北上。蒋军进入老根据地，红军家属惨遭迫害。江猛子的父亲江春旺、妹妹林仔均遭敌团长萧镇魁的毒手。向五儿改名换姓，逃避外乡，为抚养新出世的孩子，在地主封之固家当奶妈。一次，萧镇魁、封之固得到情报，黑夜派兵企图去消灭游击队，向五儿听到这个消息后，立即派人给游击队送信，使敌人受到很大损失。一九四九年，人民解放军南下，萧镇魁逃上翠岗山，负隅顽抗。江猛子这时已成为师长，他率领部队留下剿匪。向五儿母子也被敌人逼上山，她把自己的身世告诉了儿子小鸿，叫小鸿偷偷下山去找解放军。江永宏师长（即猛子）根据小鸿和游击队提供的情况，剿灭了翠岗山上的敌军，向五儿与丈夫团聚了。,一九三三年，红军粉碎了蒋介石的第四次“围剿“后，在江西老苏区翠岗地区扩红，江猛子报名参军，他的新婚妻子向五儿鼓励他英勇杀敌。一九四四年，猛子随红军长征北上。蒋军进入老根据地，红军家属惨遭迫害。江猛子的父亲江春旺、妹妹林仔均遭敌团长萧镇魁的毒手。向五儿改名换姓，逃避外乡，为抚养新出世的孩子，在地主封之固家当奶妈。一次，萧镇魁、封之固得到情报，黑夜派兵企图去消灭游击队，向五儿听到这个消息后，立即派人给游击队送信，使敌人受到很大损失。一九四九年，人民解放军南下，萧镇魁逃上翠岗山，负隅顽抗。江猛子这时已成为师长，他率领部队留下剿匪。向五儿母子也被敌人逼上山，她把自己的身世告诉了儿子小鸿，叫小鸿偷偷下山去找解放军。江永宏师长(即猛子)根据小鸿和游击队提供的情况，剿灭了翠岗山上的敌军，向五儿与丈夫团聚了。,0
liang jia chun,土地改革后，我国北方的一个农村，学习模范坠儿和劳动模范大康相爱。然而，坠儿的父亲有封建思想，认为女儿和人家谈恋爱是不体面的事，便自作主张把二十岁的坠儿嫁给九岁的小勇当媳妇，以报答解放前小勇爹的帮助之恩。坠儿到了小勇家之后，与小勇一点感情也没有，仍然思念着旧情人大康，日子久了便生起病来。小勇也因同学取笑他，不肯去上学。后经村妇女主任向双方家长做工作，坠儿的父亲才认识到自己的错误，小勇妈也愿意坠儿与小勇离婚，成全了坠儿和大康的美满婚姻。,土地改革后，我国北方的一个农村，学习模范坠儿和劳动模范大康相爱。然而，坠儿的父亲有封建思想，认为女儿和人家谈恋爱是不体面的事，便自做主张把二十岁的坠儿嫁给九岁的小勇当媳妇，以报答解放前小勇爹的帮助之恩。坠儿到了小勇家之后，与小勇一点感情也没有，仍然思念着旧情人大康，日子久了便生起病来。小勇也因同学取笑他，不肯去上学。后经村妇女主任向双方家长做工作，坠儿的父亲才认识到自己的错误，小勇妈也愿意坠儿与小勇离婚，成全了坠儿和大康的美满婚姻。,1,便自作主张把二十岁的坠儿嫁给九岁的小勇当媳妇，：“作”用于表示抽象意义的范围，如作贡献，作补充。 “做”用于表示具体行为的范围，如做功课，做游戏。。建议用“自作主张”替换“自做主张”
hong lou er you,清朝康熙、乾隆年间，宁国府纨绔子弟贾珍的远房亲戚尤二姐、尤三姐，随母前往贾府拜寿。贾珍见尤家姐妹容貌美丽，利用其家穷困，施以恩惠，别有他图。三姐是个烈性女子，富贵不淫，威武不屈，与出身卑贱的戏子柳湘莲相爱，对贾珍冷眼相对。二姐天性软弱，因寄人篱下，对贾珍事事敷衍，后被贾珍之弟贾琏花言巧语所骗，嫁给贾琏做了二房。三姐为避贾珍的逼迫，返归乡间。适遇报仇未逞的柳湘莲，赠送鸳鸯宝剑作为订婚信物。不久，贾琏偷娶尤二姐的事被其妻王熙凤知道。王乘贾琏外出期间，将二姐接到家中同住，对二姐多方凌辱，并用药将二姐身孕坠下。及至贾琏回来后，王熙凤不让二姐与贾琏相见，而贾琏也因另有新欢，抛弃了二姐。二姐悔恨交加，吞金自尽。三姐闻讯赶来，贾珍又散布谣言，破坏三姐名誉。前来探望三姐的柳湘莲信以为真，向三姐索还订婚宝剑。这时贾珍率人来到，诈言柳为杀人犯，将其逮捕，并乘机向三姐要挟。三姐为救湘莲，假意应允，而后拔剑自刎。湘莲追悔莫及，发誓要为三姐报仇，背剑策马，落荒而去。,清朝康熙、乾隆年间，宁国府纨袴子弟贾珍的远房亲戚尤二姐、尤三姐，随母前往贾府拜寿。贾珍见尤家姐妹容貌美丽，利用其家穷困，施以恩惠，别有他图。三姐是个烈性女子，富贵不淫，威武不屈，与出身卑贱的戏子柳湘莲相爱，对贾珍冷眼相对。二姐天性软弱，因寄人篱下，对贾珍事事敷衍，后被贾珍之弟贾琏花言巧语所骗，嫁给贾琏做了二房。三姐为避贾珍的逼迫，返归乡间。适遇报仇未逞的柳湘莲，柳赠送鸳鸯宝剑作为定婚信物。不久，贾琏偷娶尤二姐的事被其妻王熙凤知道。王乘贾琏外出期间，将二姐接到家中同住，对二姐多方凌辱，并用药将二姐身孕坠下。及至贾琏回来后，王熙凤不让二姐与贾琏相见，而贾琏也因另有新欢，抛弃了二姐。二姐悔恨交加，吞金自尽。三姐闻讯赶来，贾珍又散布谣言，破坏三姐名誉。前来探望三姐的柳湘莲信以为真，向三姐索还定婚宝剑。这时贾珍率人来到，诈言柳为杀人犯，将其逮捕，并乘机向三姐要挟。三姐为救湘莲，假意应允，而后拔剑自刎。湘莲追悔莫及，发誓要为三姐报仇，背剑策马，落荒而去。,4,宁国府纨绔子弟贾珍的远房亲戚尤二姐、尤三姐，：。建议用“纨绔”替换“纨袴”,赠送鸳鸯宝剑作为订婚信物。：。建议删除“柳”,赠送鸳鸯宝剑作为订婚信物。：。建议用“订婚”替换“定婚”,向三姐索还订婚宝剑。：。建议用“订婚”替换“定婚”
wo men fu fu zhi jian,一九四七年秋，在上海长大的知识分子干部李克，与河南焦作解放区贫农出身的童养媳、支前劳动模范张英相爱，并结了婚，两人感情很好。上海解放后，他们被调到上海工作，李到纺织公司做资料室工作，张到纱厂做妇女工作。张是在农村艰苦朴素的环境中长大的，开始很不习惯城市的生活方式。李本来生长在上海，回城后渐渐丢掉了在解放区时的艰苦朴素作风。夫妇俩无形中有了隔阂。一次，张在舞场门口看到一个讨饭的女孩小娟受舞场老板欺负，上去打抱不平，并把小娟收留下来。李克对此很有意见。继之，张的家乡遭水灾，张未经商量便把李克的一笔稿费寄回家乡救灾。李克愈加不满。张责备李进城后忘了农民，贪图享受。李指责张狭隘自私。两人为此分了家。后来经过他们的老领导秦丰的批评帮助和跟工人群众的接触，张思想上有了新的认识，李也写信向妻子检讨。这时，纱厂里丢了东西，失主咬定是小娟偷的，小娟受冤屈后留条出走。深夜，张与李先后赶到小娟家劝慰，夫妇俩也重新和好。,一九四七年秋，在上海长大的知识分子干部李克，与山东解放区贫农出身的童养媳、支前劳动模范张英相爱，并结了婚，两人感情很好。上海解放后，他们被调到上海工作，李到纺织公司做资料室工作，张到纱厂做妇女工作。张是在农村艰苦朴素的环境中长大的，开始很不习惯城市的生活方式。李本来生长在上海，回城后渐渐丢掉了在解放区时的艰苦朴素作风。夫妇俩无形中有了隔阂。一次，张在舞场门口看到一个讨饭的女孩小娟受舞场老板欺负，上去打抱不平，并把小娟收留下来。李克对此很有意见。继之，张的家乡遭水灾，张未经商量便把李克的一笔稿费寄回家乡救灾。李克愈加不满。张责备李进城后忘了农民，贪图享受。李指责张狭隘自私。两人为此分了家。后来经过他们的老领导秦丰的批评帮助和跟工人群众的接触，张思想上有了新的认识，李也写信向妻子检讨。这时，纱厂里丢了东西，失主咬定是小娟偷的，小娟受冤屈后留条出走。深夜，张与李先后赶到小娟家劝慰，夫妇俩也重新和好。,1,与河南焦作解放区贫农出身的童养媳、支前劳动模范张英相爱，：建议在“河南”后增加“焦作”，使地址更加完善。建议用“河南焦作解放区”替换“山东解放区”
