虎穴追踪,,,编剧：应慈、任桂林、王玉堂{LINE_CUT}导演：黄粲{LINE_CUT}摄影：聂晶{LINE_CUT}布景设计：董萍{LINE_CUT}作曲：王博、娄彰后{LINE_CUT}录音：袁明达{LINE_CUT}副导演：陈怀皑{LINE_CUT}剪接：傅正义{LINE_CUT}剧务主任：潘英{LINE_CUT}演奏：长影乐团{LINE_CUT}指挥：尹升山,印质明-陈惠远{LINE_CUT}刘增庆-刘铭{LINE_CUT}徐世彦-傅可{LINE_CUT}向隽殊-夏妻{LINE_CUT}李景波-崔希正{LINE_CUT}李颉-黄云梦{LINE_CUT}叶琳琅-资丽萍{LINE_CUT}高均-孙士高{LINE_CUT}安震江-高军如{LINE_CUT}赵联-李永和{LINE_CUT}李雨农-老钱{LINE_CUT}张凤翔-夏云舞{LINE_CUT}刘作常-小学徒{LINE_CUT}李林-张国忠{LINE_CUT}葬一萍-米如珍{LINE_CUT}李亚林-冯振辉{LINE_CUT}贺汝瑜-账房先生{LINE_CUT}蓝群-何寿田,解放初期，潜伏在某城市的特务头目崔希正，伪装成万隆山货栈的经理，指挥城里潜伏的特务和乡下的匪徒，进行抢劫破坏活动，并派女特务资丽萍打进工商界，偷窃情报。我公安人员李永和深入匪特内部，解除了特务头目崔希正对他的怀疑，取得了崔的信任。崔利用工商局夏局长的麻痹思想，和夏局长拉亲戚、送礼物，并通过资丽萍把特务名册转移到夏局长家里。李永和在匪特内部进行各种艰难和惊险的侦察活动，找到了潜伏特务名册，摸清了敌人活动情况。不料，台湾派来的特务孙士高从名册里发觉没有李永和的名字，就伪装成我公安人员，对李永和进行试探。李永和以攻为守，取得了孙士高的信任。我公安人员根据李永和提供的情况，将匪特一网打尽。
扑不灭的火焰,,,编剧：西戎、马烽{LINE_CUT}导演：伊琳{LINE_CUT}摄影：王启民{LINE_CUT}美术设计：童景文{LINE_CUT}作曲：苏民{LINE_CUT}录音：申顾礼{LINE_CUT}副导演：雷铿、罗泰{LINE_CUT}剧务主任：廖凡{LINE_CUT}特技设计：陈秉中{LINE_CUT}特技摄影：郭甲东{LINE_CUT}演奏：长影乐团、北影民族乐队{LINE_CUT}指挥：尹升山,葛振邦-蒋三{LINE_CUT}杜征-蒋二{LINE_CUT}丁惟敏-蒋母{LINE_CUT}王执芳-刘玉梅{LINE_CUT}韩焱-王立清{LINE_CUT}王景芳-王政委{LINE_CUT}许诚-吉田{LINE_CUT}于中义-曹铁柱{LINE_CUT}任伟民-孙振东{LINE_CUT}高平-林二丑{LINE_CUT}程晨-蒋二太太{LINE_CUT}梁音-蒋四{LINE_CUT}于春早-蒋五{LINE_CUT}王健-张全明{LINE_CUT}高荣第-秦红胜{LINE_CUT}朱林-陈万贵{LINE_CUT}赵宝华-王大成{LINE_CUT}邓少荫-中村{LINE_CUT}彭勃-翻译{LINE_CUT}张扬-李茂才{LINE_CUT}郑晓君-王立清妻{LINE_CUT}马明-孙振东妻,一九四二年，共产党员蒋三根据党的指示，从抗日根据地回到家乡山西汾阳县唐兴庄，发动群众，展开抗日武装斗争。他的哥哥蒋二是伪军头目，仗着日寇的势力，欺压乡民。蒋三想争取蒋二改邪归正。蒋二则想骗蒋三投降日寇，消灭蒋三的游击队。在蒋母生日那天，兄弟俩反亲为仇，展开了一场激烈的斗争。后来，蒋三带领游击队，镇压了作恶多端的伪村长，争取和瓦解了伪军，几次粉碎了蒋二企图消灭游击队的奸计。汾阳县日军司令吉田限期要蒋二抓住蒋三。蒋二竟把母亲和蒋三的爱人刘玉梅抓起来，逼她们供出蒋三的行踪。蒋三用计救出母亲和爱人，率领 游击队消灭了蒋二和他那股伪军。
新局长到来之前,,,政编：于彦夫{LINE_CUT}摄影：王春泉{LINE_CUT}作曲：李季达{LINE_CUT}导演：吕班{LINE_CUT}美术设计：汪滔{LINE_CUT}录音：隋锡忠{LINE_CUT}剧务主任：陈致远{LINE_CUT}演奏：长影乐团{LINE_CUT}指挥：马琳,李景波-牛科长{LINE_CUT}陈光廷-崔庶务{LINE_CUT}韩焱-老李{LINE_CUT}崔照升-小赵{LINE_CUT}任伟民-职员乙{LINE_CUT}浦克-张局长{LINE_CUT}苏剑峰-苏玲{LINE_CUT}张辉-老钟{LINE_CUT}方化-职员甲,根据何逑独幕话剧改编。{LINE_CUT}某局总务科牛科长是一个十足的官僚主义者，他好大喜功，爱吹牛拍马，平时工作马马虎虎，不负责任，为谄媚领导，在新局长上任之前，动员全科干部，投入迎接新局长的{QUOTE}中心工作{QUOTE}， 到处张贴{QUOTE}欢迎劳苦功高的张局长{QUOTE}一类的标语，并且不惜动用公款，大兴土木，给新局长修建新办公室。施工用的水泥在露天受到雨淋，职工宿舍漏雨，他却不管。新局长来了，这位牛科长由于心情紧张，竟把新局长当成一个商店老板，当面吹牛说他和新局长是老战友，曾在一起打过游击等等，在新局长面前赤裸裸地暴露了自己。最后，群众把他赶下了台。
马兰花开,,,编剧：林艺{LINE_CUT}摄影：韩仲良{LINE_CUT}作曲：雷振邦{LINE_CUT}导演：李恩杰{LINE_CUT}布景设计：王兴文{LINE_CUT}录音：洪嘉惠{LINE_CUT}副导演：马瑜{LINE_CUT}剧务主任：刘水航{LINE_CUT}演奏：长影乐团{LINE_CUT}指挥：尹升山,秦怡-马兰{LINE_CUT}浦克-徐指导员{LINE_CUT}黄非-金桐{LINE_CUT}刘振中-张文冰{LINE_CUT}凌元-马兰母{LINE_CUT}苑小君-大胡子{LINE_CUT}蓝兰-陈大嫂{LINE_CUT}高博-王福兴{LINE_CUT}穆宏-胡阿根{LINE_CUT}王春英-李孩{LINE_CUT}李萌-小凤{LINE_CUT}孟舜-何队副{LINE_CUT}黄素影-金牙女人,家庭妇女马兰怀着参加祖国建设的强烈愿望，学开推土机。开始妈妈不同意，丈夫反对，周围的人冷嘲热讽。但马兰在党的支持下，说服了妈妈和丈夫，克服了技术上的困难，终于学会驾驶推土机。后来，在支援别的建设工地时，马兰被分配跟老工人胡阿根学开铲运机。胡阿根思想封建，瞧不起妇女。一次，马兰驾驶的铲运机的钢丝绳断了，胡阿根大发脾气。在马兰的思想动摇时，徐指导员及时地予以鼓励，使她获得了新的力量。马兰的行动感动了胡阿根，他无保留地把技术教给了马兰。经过刻苦学习，马兰终于由一个家庭妇女成为一名优秀的推土机手。
哥哥和妹妹,,,改编：严恭{LINE_CUT}摄影：李光惠{LINE_CUT}作曲：全如玢{LINE_CUT}导演：苏里{LINE_CUT}美术设计：童景文{LINE_CUT}录音：阙敬修{LINE_CUT}副导演：王岚{LINE_CUT}副摄影：郭镇铤{LINE_CUT}剧务主任：刘力{LINE_CUT}演奏：长影乐团{LINE_CUT}指挥：尹升山,苏立群-吕小钢{LINE_CUT}柳乃林-吕小朵{LINE_CUT}熊塞声-奶奶{LINE_CUT}秦怡-妈妈{LINE_CUT}戚丽-杨老师{LINE_CUT}王滨-毛毛姐姐{LINE_CUT}李东东-毛毛 {LINE_CUT}欧阳明德-男同学{LINE_CUT}田燕-小莺,根据任大星的小说《吕小钢和他的妹妹》改编。{LINE_CUT}吕小钢是北京某小学四年级学生，他的妹妹小朵在奶奶娇生惯养下，生活懒散，贪玩，不爱学习。小钢决心帮助妹妹改正缺点，但是，由于方法简单，态度粗暴，不见成效。 一个星期天，小钢准备帮助妹妹小朵温习功课，小朵却带着同院住的小毛毛到动物园去玩，正巧遇上下雨，小朵用自己的身体替小毛毛遮雨，自己却淋病了。小钢想起平日对妹妹的粗暴态度，觉得很对不起妹妹。此后，小钢改变了态度，和妹妹一块温习功课，休息时和妹妹一块玩。可是当他发现妹妹连最简单的算术题都不会做时，就又失去了耐心，一着急，干脆自己代妹妹做了。杨老师发现了这 个情况，对小朵启发诱导，小朵终于变成优秀的小学生。
马,,,改编：雷鉴{LINE_CUT}摄影：葛伟卿{LINE_CUT}作曲：李凝{LINE_CUT}剧务主任：敬然{LINE_CUT}导演：袁乃晨{LINE_CUT}美术设计：王崇{LINE_CUT}录音：张剑平{LINE_CUT}演奏：长影乐团{LINE_CUT}指挥：尹升山,方化-常老头{LINE_CUT}席与明-常秀兰{LINE_CUT}任伟民-宝 华{LINE_CUT}蓝兰-玉贞{LINE_CUT}周文彬-胖老头{LINE_CUT}熊塞声-常大娘{LINE_CUT}潘德民-王策{LINE_CUT}马世达-大个子{LINE_CUT}马陋夫-韩大爷{LINE_CUT}高平-营业员,根据王地、姜漪文、崔宝库、常替阁的原著改编。{LINE_CUT}在初级社转为高级社时期，农民常老头怕社里把他的马价评低了，偷偷溜出评马入社的会场。会后，女儿秀兰要单独牵马入社，常老头进行阻拦。为此，父女发生了矛盾，常大娘也对常老头有意见。社主任王策从中进行调解，对常老头进行耐心的说服教育，并对秀兰做工作，要她在动员父亲入社的问题上，不能性急。后来，常老头看到马价评得公平合理，而且对于孤老贫苦的社员又保吃保穿，便打消了顾虑，牵马入了社，大家还推选他当了马棚主任。秀兰也和社主任王策结了婚，一家人过着幸福的生活。
关不住,,,导演：张辛实、刘国权{LINE_CUT}摄影：王启民{LINE_CUT}布景设计：史维钧{LINE_CUT}作曲：车明{LINE_CUT}录音：申顾礼{LINE_CUT}剧务主任：潘英{LINE_CUT}演奏：长影乐团{LINE_CUT}指挥：马琳,李树谷-范书记{LINE_CUT}田吉海-路长青{LINE_CUT}王雨竹-周刚{LINE_CUT}张云-刘大爷{LINE_CUT}吴桂林-姜发{LINE_CUT}吴振德-赵部长{LINE_CUT}杨珍年-春梅{LINE_CUT}胡振和-唐六{LINE_CUT}吕启凤-唐六妻{LINE_CUT}林艺兰-凤英{LINE_CUT}王大力-双喜,根据赵羽翔等原著独幕话剧《关不住》改编。{LINE_CUT}东北某县新乐屯的农民要求成立农业合作社。区委范书记不作调查研究，偏听偏信中农姜发的反映，看到新乐屯办社有些困难，就盲目地认为办社的条件不成熟，主张坚决收缩，还批评新乐屯党支部书记路长青冒进，强令解散合作社。路长青组织群众想出了许多办法，来解决办社缺少资金的困难。后来，县农村工作部赵部长来新乐屯检查工作，说服了范书记，批准新乐屯成立合作社。原来搞单干的中农姜发和已退社的贫农唐六，也都主动要求加入合作社。
妈妈要我出嫁,,,改编：纪叶{LINE_CUT}导演：黄粲{LINE_CUT}摄影：陈民魂{LINE_CUT}美术设计：董萍{LINE_CUT}作曲：李凝、王博{LINE_CUT}录音：洪堤{LINE_CUT}副导演：黄野{LINE_CUT}剧务主任：廖凡{LINE_CUT}演奏：长影乐团{LINE_CUT}指挥：马琳,柏瑞桐-李玉春{LINE_CUT}刘世龙-刘明华{LINE_CUT}黄素影-明华娘{LINE_CUT}白玫-九喜娘{LINE_CUT}杨薇-二梅{LINE_CUT}郭艺文-秀芳{LINE_CUT}江燕-玉春娘{LINE_CUT}任伟民-铁旦{LINE_CUT}刘博-九喜{LINE_CUT}刘儒-赵社长{LINE_CUT}崔福臣-小宝{LINE_CUT}程晨-王大娘,根据刘真的小说《春大姐》改编。{LINE_CUT}北村的姑娘李玉春，爱上了南村农业合作社的小伙子刘明华。可是，玉春娘却嫌明华家穷，不赞成这桩婚事。媒婆王大娘趁机向玉春娘拨弄是非。于是玉春娘硬将玉春许配给了做买卖的九喜。玉春的好友秀芳、二梅，积极促成了玉春和明华的婚事。玉春和明华领到结婚证后，母亲把玉春赶出了家门。后来，玉春娘看清了合作社的好处，才承认明华这个女婿。于是母女重新和好。
皮包,,,改编：田野{LINE_CUT}摄影：李光惠{LINE_CUT}作曲：全如玢{LINE_CUT}剧务主任：华永庄{LINE_CUT}导演：王岚{LINE_CUT}美术设计：童景文{LINE_CUT}录音：阙敬修{LINE_CUT}助理导演：刘力{LINE_CUT}演奏：长影乐团{LINE_CUT}指挥：马琳,苏立群-刘士海{LINE_CUT}王光如-钱佩英{LINE_CUT}张凤翔-李科长{LINE_CUT}欧阳明德-张爱民{LINE_CUT}车轩-刘研究员{LINE_CUT}张巨光-赵科长{LINE_CUT}潘德民-王办事员,根据白小文的小说《刘士海爸爸的皮包》改编。{LINE_CUT}少先队员刘士海的爸爸是科学院的研究员，他丢失了装有绝密文件的皮包。刘士海和少先队员张爱民、钱佩英决心帮助爸爸把皮包找回来。在找皮包的过程中，小胖子张爱民有些不耐烦，曾和刘士海发生了争吵。后来，他们终于找到了线索，发现了皮包是暗藏的特务王办事员偷的。于是，他们配合公安人员，逮捕了暗藏的特务，找回了皮包和文件，
不拘小节的人,,,编剧：何迟{LINE_CUT}导演：吕班{LINE_CUT}摄影：王春泉{LINE_CUT}美术：汪滔{LINE_CUT}作曲：马琳{LINE_CUT}录音：隋锡忠{LINE_CUT}剧务主任：陈致远{LINE_CUT}演奏：长影乐团{LINE_CUT}指挥：马琳,白穆-李少白{LINE_CUT}张寿卿-赵主任{LINE_CUT}马玉玲-小黄{LINE_CUT}侯旭-图书管理员{LINE_CUT}殷秀岑-车中乘客{LINE_CUT}黄婉苏-敏英{LINE_CUT}史林-敏如{LINE_CUT}高平-老花匠{LINE_CUT}蒙纳-心脏病读者,讽刺文学作家李少白，只知讽刺别人，自己却是个{QUOTE}不拘小节{QUOTE}的人。 一次，他去某市作报告时，做出了一系列违反公共道德的事，到处受到人们的指责。陪伴他的某市文联赵主任，是个忠厚长者，老是跟着陪礼、垫罚款。恰巧，李的一系列违反公共道德的行为，又都被未见面的对象敏英看在眼里。当李少白作完报告到敏英家登门拜访时，敏英当面拆穿了他的不道德的行为，弄得他汗流浃背，很狼狈地走了。
如此多情,,,改编：罗泰{LINE_CUT}导演：方荧{LINE_CUT}摄影：葛伟卿{LINE_CUT}美术设计：汪滔{LINE_CUT}作曲：娄彰后{LINE_CUT}录音：王林{LINE_CUT}剧务主任：陈致远{LINE_CUT}演奏：长影乐团{LINE_CUT}指挥：马琳,叶琳琅-傅萍{LINE_CUT}宋雪娟-护士小张{LINE_CUT}秦汉-黄山{LINE_CUT}周克-白浪{LINE_CUT}李亚林-费科长{LINE_CUT}刘增庆-黎明{LINE_CUT}高平-司机老王{LINE_CUT}安震江-照像师{LINE_CUT}段斌-黎处长{LINE_CUT}黄婉苏-黎处长未婚妻,取材于李力的作品《爱的是人，不是职位》。{LINE_CUT}傅萍连续爱上了四个人。今天跟这个柳下花前谈情，明天又与那个湖上泛舟说爱。她认识了某制片厂的职员白浪，便扔掉了大学生黄山；当她看中了费科长时，又把白浪抛弃了。最后，她认识了水利局的公务员黎明，把黎明误当作黎处长，便又抛弃了一片痴心的费科长。她幻想着当处长夫人，一心追求物质享受。尽管黎明一再向她表明自己是个公务员，她心里不信，嘴上却说： {QUOTE}我爱的是人，不是职位{QUOTE}。后来， 一个偶然的机会，她来到真正的黎处长的家里，才确信黎明真的是个公务员。真相大白后，傅萍异常难堪。
国庆十点钟,,,改编：吴天{LINE_CUT}导演：吴天{LINE_CUT}摄影：聂晶{LINE_CUT}美术设计：张井南{LINE_CUT}作曲：雷振邦{LINE_CUT}录音：袁明达{LINE_CUT}副导演：方荧、竞痕{LINE_CUT}插曲作曲：陈紫{LINE_CUT}剧务主任：刘玉河  {LINE_CUT}演奏：长影乐团{LINE_CUT}指挥：雷振邦,印质明-顾群{LINE_CUT}赵联-平小海{LINE_CUT}赵子岳-金主任{LINE_CUT}李颉-白松亭{LINE_CUT}周森冠-张大力{LINE_CUT}郭艺文-林英{LINE_CUT}陆贞冀-小淘气{LINE_CUT}马世达-胡进 {LINE_CUT}章薇-赵妻{LINE_CUT}严皇-白妻{LINE_CUT}柏瑞桐-女工乙{LINE_CUT}浦克-何占彪{LINE_CUT}王春英-小余{LINE_CUT}任颐-赵建成{LINE_CUT}贺小书-赵小惠{LINE_CUT}欧阳明德-园园{LINE_CUT}赵宝华-周国良{LINE_CUT}姚颖-张妻{LINE_CUT}曲伟-女工甲,根据陆石、文达的小说《双铃马蹄表》改编。{LINE_CUT}一九五三年国庆节前夕，潜伏在西北某省会的特务何占彪、白松亭，阴谋在国庆期间制造爆炸事件。狡猾的特务首先用投寄匿名信和制造汽车事故两起案件，企图借以转移我公安人员的视线。接着，又在一个小孩的马蹄表里偷偷装上定时炸弹。我公安人员顾群，在司机平小海等配合下，终于逮捕了潜伏的特务，破获了这起案件。
上甘岭,,,编剧：林杉、曹欣、沙蒙、肖矛{LINE_CUT}导演：沙蒙、林杉{LINE_CUT}摄影：周达明{LINE_CUT}美术设计：刘学尧{LINE_CUT}作曲：刘炽{LINE_CUT}录音：陈文渊{LINE_CUT}军事顾问：赵毛臣{LINE_CUT}副导演：花荪{LINE_CUT}特技摄影：王玉如{LINE_CUT}特技设计：蔡光{LINE_CUT}剧务主任：武愚{LINE_CUT}助理导演：董吉琛{LINE_CUT}作 词：乔羽{LINE_CUT}独唱：郭兰英{LINE_CUT}演奏：新影乐团、长影乐团{LINE_CUT}指挥：陈维文,高保成-张忠发{LINE_CUT}徐林格-孟德贵{LINE_CUT}张亮-杨德才{LINE_CUT}李树楷-师长{LINE_CUT}刘磊-陈德厚{LINE_CUT}刘玉茹-王兰{LINE_CUT}白英宽-毛四海{LINE_CUT}田烈-炊事员{LINE_CUT}张健佑-步话机员{LINE_CUT}张凤翔-政委{LINE_CUT}张巨光-参谋长{LINE_CUT}王枫-三营长,一九五二年秋，美国侵略者在板门店谈判休会期间，在朝鲜中部三八线附近发动了大规模进攻，企图夺取我上甘岭阵地，并进而攻占五圣山，用武力达到他们在谈判桌上达不到的目的。中国人民志愿军某部八连在连长张忠发的率领下，坚守上甘岭阵地，与敌人浴血奋战，打退了敌人的一次又一次进攻。接着，他们又根据上级的指示，撤进坑道，拖住敌人的进攻。后来，他们与后方的联系被敌人切断，粮少弹缺，情况十分艰难，但他们凭着惊人的毅力，在坑道里坚持了二十四天，赢得了时间，使我军取得大进攻的胜利。从而使朝鲜战场形势发生了根本变化，迫使美国侵略者在板门店重新坐下来谈判，并无可奈何地在停战协定上签了字。
刘巧儿,,,改编：集体创作-李孝充{LINE_CUT}导演：伊琳{LINE_CUT}摄影：韩仲良{LINE_CUT}编曲：杨培{LINE_CUT}美工：王兴文{LINE_CUT}录音：洪嘉惠{LINE_CUT}剧务主任：柳塘{LINE_CUT}演奏：中国评剧院乐队、长影乐团{LINE_CUT}指挥：杨培{LINE_CUT}演出：中国评剧院,新凤霞-刘巧儿{LINE_CUT}宋长文-王寿昌{LINE_CUT}余绍海-赵金才{LINE_CUT}余千-裁判员{LINE_CUT}吕子英-乡长{LINE_CUT}刘桂荣-女众{LINE_CUT}张秀云-女众{LINE_CUT}杜金玲-女众{LINE_CUT}张德福-赵柱儿{LINE_CUT}张淑琴-刘媒婆{LINE_CUT}赵连喜-刘彦贵{LINE_CUT}赵丽蓉-李大婶{LINE_CUT}新凤妹-邻女{LINE_CUT}薛恩厚-马专员{LINE_CUT}张殿文-男众{LINE_CUT}宋英杰-男众{LINE_CUT}张凤桐-法警{LINE_CUT}范冠英-男众,一九四二年，陕甘宁陇东地区在人民政府的提倡下，风行男女婚姻自主。刘巧儿经父母包办自幼许配赵柱儿，自己却从未见过未婚夫的面，她常为此事苦恼。在劳模会上，她偷偷爱上勤劳俊秀的小伙子赵振华。{LINE_CUT}地主王寿昌，早慕巧儿美貌，厚酬托刘媒婆去骗亲。刘彦贵受到刘媒婆的诱惑，骗女儿说柱儿是个二流子。巧儿信以为真，自动提出退婚。{LINE_CUT}一日，巧儿去合作社送线，路遇王寿昌，才知道父亲已收下王的彩礼，即将迎娶自己过门，她愤恨填胸。这时，往地里送饭的妇女主任李大婶见巧儿哭哭啼啼，问明原委后，带她一起到地里去找乡长。正巧在地里遇到赵振华，巧儿心中甚为惊喜。当李大婶告诉她赵振华就是赵柱儿时，她非常懊悔退亲的事。幸亏大婶设法使他们两人解除了顾虑和误会，当面自订终身。{LINE_CUT}刘彦贵收下王寿昌丰厚的彩礼，逼女儿出嫁，巧儿誓死不从，父女两人为此闹翻，刘彦贵将女儿锁在家里。当晚，柱儿的爹领人救出巧儿。于是，官司打到县政府，主观主义的裁判员咬定赵家{QUOTE}抢亲{QUOTE}犯法，断散了巧儿和柱儿的婚姻。专署马专员受理了两人的诉状，他深入群众，查明真象，批准了巧儿和柱儿的婚事，并处治了那些为非做歹的人。
花木兰,,,改编：河南豫剧院编剧小组{LINE_CUT}导演：刘国权、张辛实{LINE_CUT}摄影：陈民魂{LINE_CUT}编曲：娄彰后、姜宏轩、赵再生{LINE_CUT}美工：刘金鼎{LINE_CUT}录音：黄力加{LINE_CUT}剧务主任：牛景纯{LINE_CUT}伴奏：河南豫剧院乐队{LINE_CUT}演出：河南豫剧院,常香玉-花木兰{LINE_CUT}吴碧波-花木惠{LINE_CUT}汤兰香-花母{LINE_CUT}王玉莲-花木力(大){LINE_CUT}张德勋-刘忠{LINE_CUT}王云杰-周明{LINE_CUT}陈金榜-突力子{LINE_CUT}霍云沛-突军将士{LINE_CUT}赵义庭-贺元帅{LINE_CUT}马天德-花弧{LINE_CUT}刘凤琴-花木力(小){LINE_CUT}汪如意-地保{LINE_CUT}轩耀阁-王福{LINE_CUT}韩玉生-孙继安{LINE_CUT}姜云德-贺军将士,南北朝时，突力子侵犯北魏边疆，地保持军帖命花弧应征入伍。花弧之女花木兰想到父亲年老多病，弟弟年幼无知，决意女扮男装，代父从军。但全家人都不同意。木兰用各种办法说服他们，终于使父亲答应她冒充弟弟花木力的名字，代父从军。{LINE_CUT}在进发途中，木兰从番将突力子的夹攻中救了魏军贺元帅，从而得到元帅的赏识。十二年后，身经百战的木兰晋升为将军。一天夜晚，由于她的献计，敌军全投罗网，贼首突力子被擒，从此战事结束，边疆宁静。贺元帅十分喜爱智勇双全、为国建立奇功的花将军，他一面准备奏明朝廷为木兰升官加爵； 一面将爱女许配木兰。木兰对此婉言推辞，她请求元帅借给她千里马，回故乡探亲。{LINE_CUT}木兰回乡后，元帅奏明朝廷，封木兰为尚书郎，并抬着礼物领着众将，亲临花家探访。这时木兰已脱去战袍，穿上女装。元帅来到花家，要见花将军，花弧命花木力参拜元帅，元帅说错了，我要看那阵前的花木力将军，花弧无法，只好唤花木兰出来。木兰将女扮男装的从军经过禀告元帅之后，元帅这才知道木兰乃一女子，称赞她是令人敬佩的巾帼英雄。从此，木兰留在家园，孝敬父母，她的英雄故事，万世流传。
#梅兰芳的舞台艺术（下集）,,,导演：吴祖光{LINE_CUT}总摄影：吴蔚云{LINE_CUT}摄影：王德成、张沼滨{LINE_CUT}美工：韩尚义{LINE_CUT}录音：王绍曾{LINE_CUT}副导演：岑范{LINE_CUT}制片主任：魏曼青{LINE_CUT}副制片主任：纪少岚{LINE_CUT}绘景：胡若思{LINE_CUT}照明：赵新鸣{LINE_CUT}剪接：张树人{LINE_CUT}演奏：梅兰芳剧团乐队,刘连荣-霸王{LINE_CUT}萧长华-更夫{LINE_CUT}梅兰芳-虞姬{LINE_CUT}李庆山-更夫{LINE_CUT}梅兰芳-贵妃{LINE_CUT}萧长华-高力士{LINE_CUT}姜妙香-裴力士,《霸王别姬》{LINE_CUT}楚霸王项羽和汉高祖刘邦争夺天下，经过了七十余次战争。公元前二百○二年，刘邦拜韩信为大元帅，起兵伐楚。韩信派李左车到楚营诈降，项羽听信了李左车的煽动，要亲自领兵迎战，项羽的爱妃虞姬和众将极力劝阻，项羽固执不听，结果中了韩信十面埋伏之计。{LINE_CUT}项羽被困，韩信又命人在楚营四周唱楚歌，动摇军心。项羽听到四面楚歌，以为汉兵已占领楚地。虞姬在筵前歌唱舞剑，安慰项羽。这时，汉兵已围攻楚营，虞姬劝项羽突围重返江东，整军再战，自己却怕成为项羽的牵累，便拔项羽之剑自刎。项羽突围到乌江，因无颜再见江东父老，亦自刎而死。{LINE_CUT}本片拍摄的是《九里山会战》和《别姬》两场。{LINE_CUT}《贵妃醉酒》{LINE_CUT}贵妃杨玉环奉唐明皇之命在百花亭设宴。她率领力士、宫娥来到百花亭等待明皇，谁知明皇转往西宫梅妃处，不到此地来了。杨贵妃失宠苦闷，借酒浇愁，喝得大醉，显出许多醉态，对高力士、裴力士说了许多醉话。
洛神,,,改编：梅兰芳{LINE_CUT}导演：吴祖光{LINE_CUT}总摄影：吴蔚云{LINE_CUT}摄影：王德成、张沼滨{LINE_CUT}美工：韩尚义{LINE_CUT}录音：王绍曾{LINE_CUT}副导演：岑范{LINE_CUT}副制片主任：纪少岚{LINE_CUT}绘景：胡若思{LINE_CUT}照明：赵新鸣{LINE_CUT}剪接：张树人{LINE_CUT}演奏：梅兰芳剧团乐队,梅兰芳-洛神{LINE_CUT}姜妙香-曹子建,根据中国古诗《洛神赋》改编。{LINE_CUT}魏文帝曹丕把俘虏来的甄氏立为皇后。甄后对皇帝没有感情，却和皇帝的弟弟——当时著名的诗人曹子建暗中相爱。皇帝发觉后，立将甄后处死，将曹子建贬往远方。几年之后，皇帝对此事有些追悔，便召子建入京，把甄后遗物{QUOTE}玉镂金带枕{QUOTE}赐给了他。{LINE_CUT}子建辞别皇兄转回他的封地，路过洛川，夜宿驿馆，梦见洛川女神来约他明日在川上相会。翌日晨，子建来到洛川岸边，会见了女神。原来甄后死后成神，子建和洛神恋恋不舍，但是仙凡路殊，一别之后再也不能重见了。
荒山泪,,,编导：吴祖光{LINE_CUT}摄影：张沼滨{LINE_CUT}绘景：李仲耘{LINE_CUT}副制片主任：纪少岚{LINE_CUT}副导演：岑范{LINE_CUT}美工：俞翼如{LINE_CUT}录音：王绍曾{LINE_CUT}美术顾问：张光宇、张正宇、丁 聪、张未元{LINE_CUT}音乐顾问：盛家伦{LINE_CUT}序曲：钟世章{LINE_CUT}演奏：中国京剧院乐队、程砚秋剧团乐队,程砚秋-张慧珠{LINE_CUT}李四广-王四香{LINE_CUT}贾多才-胡泰来{LINE_CUT}钱元通-陈氏{LINE_CUT}于世文-鲍世德{LINE_CUT}胡学礼-宝莲{LINE_CUT}李少广-崔德富{LINE_CUT}苏盛贵-高良敏{LINE_CUT}李丹林-高忠{LINE_CUT}侯喜瑞-杨德胜{LINE_CUT}钱宝森-李有标,明末，崇祯帝昏庸失政，民不聊生，李自成率领农民起义。统治阶级为镇压起义军，不断抽取苛捐杂税，更加深了人民的痛苦。{LINE_CUT}农民高良敏，因付不出捐税，父子俩被抓入狱，儿媳张慧珠日夜织绢，挣得些钱，才将他们父子赎回。回家之后，全家正为父亲祝寿，县里公差又来抽取新税。高良敏父子为交税，连夜到猛虎出没的王屋山下去采药。张慧珠苦等一夜不见他们回来，盼到天明，隔壁鲍老大来报信，才知道丈夫和公公都被老虎吃了。这时，朝廷又下令抓兵抓佚，慧珠的独子宝莲被抓走。年老的婆婆一气之下晕倒身亡。{LINE_CUT}一家五口只剩下慧珠一人，索税的公差仍向她要税，逼得她跑进深山荒野，但差役也跟踪而至。慧珠悲愤地控诉了统治者的残暴，然后自刎而死。
祝福,,,改编：夏衍{LINE_CUT}导演：桑弧{LINE_CUT}摄影：钱江{LINE_CUT}美术：池宁{LINE_CUT}作曲：刘如曾{LINE_CUT}录音：陈燕嬉{LINE_CUT}副导演：陈怀皑{LINE_CUT}副摄影：于淑昭{LINE_CUT}化妆：孙鸿魁{LINE_CUT}服装设计：孙竦{LINE_CUT}制片主任：戴浩{LINE_CUT}副制片主任：李秉忠{LINE_CUT}演奏：新影管弦乐团{LINE_CUT}指挥：陈维文,白杨-祥林嫂{LINE_CUT}魏鹤龄-贺老六{LINE_CUT}李景波-鲁四老爷{LINE_CUT}邸力-柳嫂{LINE_CUT}管宗祥-卫老二{LINE_CUT}李孟尧-王师爷{LINE_CUT}梁新-贺老大{LINE_CUT}金风-老孔{LINE_CUT}韩焱-杨七老爷{LINE_CUT}袁思达-阿德{LINE_CUT}车小同-阿牛{LINE_CUT}秦多-阿牛{LINE_CUT}史林-鲁四太太{LINE_CUT}李健-婆婆{LINE_CUT}凌元-阿德嫂{LINE_CUT}丁惟敏-阮大嫂{LINE_CUT}石美芬-阿香{LINE_CUT}蔡安安-阿根{LINE_CUT}安然-庙祝{LINE_CUT}李雨农-小伙子{LINE_CUT}晋阿虎-阿毛,根据鲁迅的同名小说改编。{LINE_CUT}辛亥革命前后，在浙东一个穷僻的山村里，早寡的祥林嫂得知婆婆和远房亲戚卫老二，要把她卖给山里的贺老六做老婆的消息，逃到鲁镇给镇上的地主鲁四老爷家当佣人。第二年的清明时节，她在河边洗衣服，被卫老二和她的婆婆抢走，卖给农民贺老六。 一年后，祥林嫂生了一个儿子，夫妇感情很好。后来，贺老六为还债，干活累出病来，断送了性命，祥林嫂心爱的儿子阿毛也被狼叼去，房子也被大伯收去抵债。祥林嫂只得重回鲁四老爷家帮佣。道貌岸然的鲁四老爷把祥林嫂看成不吉祥的罪人，每逢祭祀拜神时，碗筷器皿都不让她沾手。后来，她听人说只要在庙里捐一条门槛，让千人踩万人踏，就能洗清罪过。她照这样做了之后，在一个祝福的晚上，她兴冲冲地端了供品出来，不料被主人大加责骂，将她驱逐出门，从此过着流浪行乞的生活，终于在又一个祝福的年夜，在漫天风雪之中死去。
为了和平,,,编剧：柯灵{LINE_CUT}导演：佐临{LINE_CUT}摄影：许琦{LINE_CUT}美工：丁辰{LINE_CUT}作曲：瞿希贤{LINE_CUT}录音：张福宝{LINE_CUT}化妆：达旭{LINE_CUT}副导演：俞仲英{LINE_CUT}副制片主任：祝宏纲{LINE_CUT}演奏：上海乐团交响乐队{LINE_CUT}指挥：黄贻钧,赵丹-江浩{LINE_CUT}任申-江思凌{LINE_CUT}徐明-江思秀{LINE_CUT}袁之远-金校长{LINE_CUT}舒适-霍克斯{LINE_CUT}郑敏-特务头目{LINE_CUT}白杨-丁孟辉{LINE_CUT}冯笑-江思远{LINE_CUT}齐衡-杨建{LINE_CUT}秦文-万方{LINE_CUT}陈述-宋锡庚,抗日战争时期，上海东华大学教授江浩因鼓励学生抗战，被日寇逮捕入狱。抗战胜利后，江浩被释出狱，他和爱人丁孟辉以为从此可以过和平幸福的生活了，但蒋介石在美帝国主义支持下，发动了内战，他们的幻想破灭了。学校当局想利用江浩的崇美思想破坏学生运动。在现实的教育和党的帮助下，江浩逐渐认清了美蒋的反动面目，积极投入了革命斗争，为此遭特务暗杀。 全国解放不久，美帝又发动侵朝战争。丁孟辉继承丈夫的遗志，为了和平，把三个子女都送去参加抗美援朝，成为一个光荣的母亲，被选为人民代表。
春天来了,,,编剧：鲁彦周{LINE_CUT}摄影：钱渝{LINE_CUT}作曲：寄明{LINE_CUT}导演：顾而已、黄祖模{LINE_CUT}美工：王月白{LINE_CUT}录音：吴江海{LINE_CUT}副制片主任：吴绍炜{LINE_CUT}演奏：上海实验歌剧团管弦乐队、民族乐队{LINE_CUT}指挥：尹升山,孙道临-鲁淮生{LINE_CUT}江山-二黑爹{LINE_CUT}白穆-章明楼{LINE_CUT}张雁-福顺{LINE_CUT}高依云-小栓娘{LINE_CUT}范雪朋-章妻{LINE_CUT}曹铎-二黑{LINE_CUT}崔文顺-方庚{LINE_CUT}金乃华-李书记{LINE_CUT}李保罗-毛爷爷{LINE_CUT}牛舞-小皮猴{LINE_CUT}谭云-大祥嫂{LINE_CUT}蒋锐-大祥{LINE_CUT}汪漪-章云屏{LINE_CUT}胡小菡-凤梅{LINE_CUT}马骥-福顺妻{LINE_CUT}蓝谷-王政委{LINE_CUT}王钧-高老头,东庄农业合作社副社长鲁淮生，提出发展农业生产的改革计划，遭到社长章明楼的反对。会计福顺用尽手段，挑拨两个社长不和，乘机混水摸鱼。区委方政委不调查研究，轻信章明楼的话，认定鲁淮生是个人英雄主义作怪，令其停职反省。鲁淮生在县委的支持下，与错误思想进行斗争，揭露了福顺投机倒把、损人利已的破坏行为。在事实面前，章明楼终于醒悟过来，明白了鲁淮生的计划是对的。这一计划在上级的大力支持下得到实现。{LINE_CUT}合作社走上了发展生产的正确道路，获得了大丰收。
秋翁遇仙记,,,编剧：吴永刚{LINE_CUT}导演：吴永刚{LINE_CUT}摄影：周诗穆、戴胜潮{LINE_CUT}美工：胡倬云、黄 冲{LINE_CUT}作曲：黄准{LINE_CUT}录音：黄东萍{LINE_CUT}作词：黎锦晖、吴永刚{LINE_CUT}舞蹈设计：薛传刚、沈传芷{LINE_CUT}特技 设计：姜亦素、曹有光{LINE_CUT}剧务主任：金兆元{LINE_CUT}剧务：陶由{LINE_CUT}演奏：上影管弦乐队、上影乐团民族乐队{LINE_CUT}演唱：上海乐团合唱队、 上海实验剧团合唱队{LINE_CUT}指挥：李秉申,齐衡-秋翁{LINE_CUT}关宏达-张衙内{LINE_CUT}何剑飞-虞翁{LINE_CUT}李季-帮闲甲{LINE_CUT}夏天-府尹{LINE_CUT}季虹-青农{LINE_CUT}林彬-武则天{LINE_CUT}李宗强-辛学勤{LINE_CUT}闻林泉-小胖{LINE_CUT}王小蓉-牡丹仙子{LINE_CUT}王岚-张坝{LINE_CUT}陈 克-单翁{LINE_CUT}洪警铃-帮闲乙{LINE_CUT}程之-书吏{LINE_CUT}王薇-村姑{LINE_CUT}章志直-缉捕{LINE_CUT}张鸿利-牛富春,根据《今古奇观》中《灌园叟晚逢仙女》改编。{LINE_CUT}传说古时候有一个老秋翁，爱花如命，起早贪黑地忙碌在花丛之中，把花园收拾得十分美丽。 一天，老秋翁从张衙内的管家张坝手里，买回一棵已三年不开花、快要枯死的牡丹。经秋翁细心护养，这棵枯萎的牡丹居然被救活而开花了。此事被张衙内知道了，他竟想霸占秋翁的花园。秋翁不肯。张衙内指使恶奴张坝等将花打得稀烂。牡丹仙子施法，帮助秋翁使落花返枝。张衙内知道落花返枝，诬告秋翁妖法惑众，将秋翁关进监狱。贪官府尹受了张衙内的贿赂，打算重重地判秋翁的罪。牡丹仙子又施法扰乱了公堂，并警告贪官不得再为非作歹，贪官只得释放了秋翁。{LINE_CUT}张衙内也被牡丹仙子施的仙法送了命。从此，在秋翁的小花园里，百花更自由地争放。
小白旗的风波,,,改编：包时{LINE_CUT}摄影：沈西林、殿国豪{LINE_CUT}作曲：梁寒光{LINE_CUT}导演：高衡{LINE_CUT}美工：黄剑锋、吴起文{LINE_CUT}录音：任心良{LINE_CUT}剪接：黄汉{LINE_CUT}助理导演：方伯{LINE_CUT}剧务：陈俊德{LINE_CUT}演奏：上影乐团{LINE_CUT}指挥：李秉申,蒋天流-叶俊英{LINE_CUT}吴茵-良玉妈{LINE_CUT}王醍-小苓{LINE_CUT}赵抒音-凤芝{LINE_CUT}石灵-组员{LINE_CUT}李纬-李良玉{LINE_CUT}江山-正德伯{LINE_CUT}曹铎-大龙{LINE_CUT}方伯-冬娃{LINE_CUT}高依云-妇女甲{LINE_CUT}谢怡冰-妇女乙{LINE_CUT}李镛-社干老头,根据吉学需的短篇小说改编。{LINE_CUT}李良玉是生产组长，他的妻子叶俊英是出名的好媳妇，又是合作社副社长。社里开展劳动竞赛，李良玉在竞赛中锄地只图快，没把草锄净，检查委员正德伯怕与良玉伤了和气，给他那块地插了红旗。俊英听到群众反映，又到地里实地察看，给那块地换上了白旗，并要良玉他们组重新锄草。良玉以为妻子故意跟自己为难，大发脾气。后来在妻子深厚的感情和大公无私的精神感动下，他终于认识了错误，和生产组的组员齐心合力把地重锄了一遍、结果大家一致把他们组评为优胜组，俊英又给他们重新插上了红旗。夫妻俩经过这一场小风波，更加互敬互爱了。
谁是凶手,,,改编：孙谦{LINE_CUT}摄影：姚士泉{LINE_CUT}作曲：屠咸若{LINE_CUT}助理导演：颜碧丽{LINE_CUT}导演：方徨{LINE_CUT}美工：何瑞基、傅淑珍{LINE_CUT}录音：周恒良{LINE_CUT}剧务：沈锡元{LINE_CUT}演奏：上影乐团{LINE_CUT}指挥：李秉申,束荑-郭秀娥{LINE_CUT}白穆-张万寿{LINE_CUT}高笑鸥-田云卿{LINE_CUT}张琬-石头娘{LINE_CUT}蓝谷-田大虎{LINE_CUT}蒋锐-张登山{LINE_CUT}苏芸-云卿婆娘{LINE_CUT}王桂林-老爷爷{LINE_CUT}李农-刘德贵{LINE_CUT}尚华-药铺掌柜{LINE_CUT}于明德-鞋匠{LINE_CUT}凌云-赵股长{LINE_CUT}周敏-云卿丈母娘{LINE_CUT}凌之浩-公安局长,根据高琨同名小说改编。{LINE_CUT}麦收时节，白杨树农业生产合作社社长张登山与第二生产队队长田大虎因麦收问题，发生了口角。随后张登山中毒病倒。张登山的本家侄子张万寿一口咬定张登山的中毒与跟田大虎吵嘴有关，很多疑点说明田大虎是凶手。田大虎因此蒙受冤枉。公安人员经过艰难而巧妙的侦察，发现张万寿原来是个暗藏的特务。张万寿狗急跳墙，与富农田云卿策划进行破坏，被田大虎的未婚妻郭秀娥发现并告发。张万寿终于落入人民的法网。
母亲,,,编剧：海默{LINE_CUT}导演：凌子风{LINE_CUT}摄影：朱静{LINE_CUT}美工：卢景光{LINE_CUT}作曲：王云阶{LINE_CUT}录音：朱伟刚{LINE_CUT}助理导演：欧阳红樱{LINE_CUT}副制片主任：江雨声{LINE_CUT}演奏：上影乐团、上海乐团民族乐队{LINE_CUT}指挥：李秉申,张瑞芳-母亲{LINE_CUT}张翼-王老德{LINE_CUT}秦文-颜佳{LINE_CUT}师伟-喜鹊{LINE_CUT}金焰-老邓{LINE_CUT}张子良-梁承文{LINE_CUT}杨公敏-梁承武{LINE_CUT}李农-梁遇厚{LINE_CUT}冯奇-眼镜{LINE_CUT}李纬-沈持五{LINE_CUT}阳华-警察局长{LINE_CUT}凌云-董晓芬{LINE_CUT}陈述-石莫陂{LINE_CUT}郑敏-史惠德,一九二二年冀东发生水灾，母亲带着一家出来逃荒，路上又收留了一个女孩喜鹊。地下党组织负责人老邓和王老德，帮助母亲一家在铁路线上的一个城市里安顿下来。母亲的丈夫梁遇厚死后，她在老邓的影响下，帮助党做了不少工作，并参加了共产党。后来由于叛徒董晓芬的出卖，母亲的儿子梁承文被捕，老邓也英勇就义。儿子出狱后去农村开展工作。党组织派颜佳来与母亲接关系，她们和王老德一起，组织武装暴动。暴动成功后，王老德和母亲的次子梁承武带领工人武装撤出城市。母亲为掩护颜佳被捕入狱，受尽酷刑。喜鹊也被特务头子石莫陂抢去。日本投降后，母亲出狱，建立地下交通站，喜鹊也暗中帮助搜集敌人的情报。解放前夕，特务头子石莫陂下令炸毁城市的所有工厂，母亲为掩护喜鹊送出情报，挺身而出让敌人抓去。解放后，母亲和儿女们重逢。
落水记,,,编剧：李天济{LINE_CUT}导演：周峰{LINE_CUT}摄影：姚梅生、鞠 蔚{LINE_CUT}美工：葛兴尊{LINE_CUT}作曲：江雨林{LINE_CUT}录音：刘广阶{LINE_CUT}剪接：黄汉{LINE_CUT}助理导演：贺路{LINE_CUT}剧务：金龙宝{LINE_CUT}演奏：上影乐团{LINE_CUT}指挥：李秉申,张乾-唐金{LINE_CUT}保琪-姚月英{LINE_CUT}崔文顺-陈友斌{LINE_CUT}胡庆汉-孙玉宝{LINE_CUT}王宗尧-供销社老王{LINE_CUT}阳华-张顺发{LINE_CUT}柳杰-顾阿珠{LINE_CUT}曾昌-阿忠{LINE_CUT}张铭钰-红旗社社长{LINE_CUT}周瑛-红旗社农民甲{LINE_CUT}周以勤-红旗社农民乙,光明农业生产合作社青年社员唐金很爱打扮，总想得到一只手表，因此被富农张顺发拖下了水。张顺发冒充唐金的舅舅——光明社社长陈友斌，与唐金一起去红旗社买白菜，做投机倒把生意。红旗社社员姚月英误以为真，为表示兄弟社的友谊，将白菜低价出售给他。后来，姚又主动送来三船白菜叶，支援光明社，并想借机会参观学习光明社集体养猪的先进方法，恰巧又遇到张顺发和唐金。张顺发正在对姚月英信口开河时，真社长陈友斌来了，张顺发冒充社长、投机取巧的鬼把戏当场被揭穿。在场的唐金又羞又恨，明白自己上了张顺发的圈套，便将张顺发送给他的那只坏手表，狠狠地摔掉。
小伙伴,,,改编：海默{LINE_CUT}导演：葛鑫{LINE_CUT}摄影：石凤岐{LINE_CUT}美工：仲永清{LINE_CUT}作曲：管荫琛{LINE_CUT}录音：伍华{LINE_CUT}剪接：韦纯葆{LINE_CUT}特技摄影：马永华{LINE_CUT}特技设计：萧镇{LINE_CUT}助理导演：殷子{LINE_CUT}剧务主任：陆立之{LINE_CUT}演奏：上影乐团{LINE_CUT}指挥：李秉申,蔡元元-小王{LINE_CUT}郭允泰-赵科长{LINE_CUT}吴茵-张大娘{LINE_CUT}章志直-李天魁{LINE_CUT}赵玉嵘-小荣{LINE_CUT}齐衡-孙大爷{LINE_CUT}莫愁-小荣妈{LINE_CUT}朱泉根-日军曹,根据刘真同名小说改编。{LINE_CUT}两个小伙伴，一个是八路军通讯员小王，一个是小姑娘小荣。小荣非常羡慕小王的工作，想当小八路。小荣的妈妈被汉奸李天魁捉去了，小荣忍泪担起了母亲传送情报的工作。后，小王把无家可归的小荣带回部队，小荣在部队这个大家庭里成长很快，也成为一个机智勇敢的八路军小通讯员，她和小王一道完成了许多重要的任务，还协助县大队，活捉了汉奸李天魁。不久，八路军打了胜仗，小荣妈妈也回来了。抗战胜利前夕，赵科长把小王和小荣送去学习，准备让他们为革命事业担负更大的任务。
李时珍,,,编剧：张慧剑{LINE_CUT}导演：沈浮{LINE_CUT}摄影：罗从周{LINE_CUT}美工：胡倬云{LINE_CUT}作曲：寄明{LINE_CUT}录音：丁伯和{LINE_CUT}化妆：王铁彬{LINE_CUT}副导演：卢珏{LINE_CUT}剧务主任：丁里{LINE_CUT}演奏：上影乐团{LINE_CUT}指挥：李秉申,赵丹-李时珍{LINE_CUT}仲星火-田恒{LINE_CUT}高笑鸥-老张{LINE_CUT}钱千里-老魏{LINE_CUT}江山-吕贵{LINE_CUT}顾而已-曾祥{LINE_CUT}任申-建元{LINE_CUT}李季-门客甲{LINE_CUT}叶高-楚王{LINE_CUT}凌云-陆长史{LINE_CUT}夏天-左判{LINE_CUT}舒适-李月池{LINE_CUT}顾也鲁-沈茂{LINE_CUT}邓楠-小溜父{LINE_CUT}姚念贻-吴氏{LINE_CUT}舒绣文-小溜母{LINE_CUT}康泰-庞宪{LINE_CUT}韩涛-包乡坤{LINE_CUT}石灵-门客乙{LINE_CUT}程之-刘道士{LINE_CUT}陈珉-王妃,我国明代大药物学家李时珍，自幼跟父亲学医，为了重修《本草纲目》，不要功名利禄，不顾恶霸乡绅的嘲笑，以及朝廷和太医院的阻挠打击，用三十年时间，走遍深山大川，历经千辛万苦，采集药物标本，写出五十二大卷的《本草纲目》，流传于后世。
两个小足球队,,,编剧：梁延靖{LINE_CUT}导演：刘琼{LINE_CUT}摄影：查祥康、卢俊福{LINE_CUT}美工：张曦白{LINE_CUT}作曲：黎英海{LINE_CUT}录音：陈锦荣{LINE_CUT}副导演：强明{LINE_CUT}足球指导：刘光标{LINE_CUT}剧务主任：陈忠豪{LINE_CUT}演奏：上影乐团{LINE_CUT}指挥：李秉申,赵毛-王力{LINE_CUT}刘献文-筱如{LINE_CUT}王蓓-吴文心{LINE_CUT}李允中-李明{LINE_CUT}程引-王父{LINE_CUT}曹雷-张爱华{LINE_CUT}顾荆子-小钱{LINE_CUT}强明-交通警察{LINE_CUT}韩非-许达{LINE_CUT}张华强-周斌{LINE_CUT}金嘉翔-赵小良{LINE_CUT}范雪朋-祖母{LINE_CUT}魏美德-黄巧云{LINE_CUT}顾也鲁-几何教员{LINE_CUT}方菲菲、方传宝、尤赐圻、王国琛、吴文忠、吴起鹏、余其镇、何幼良、孟祥生、郁履昂、范长泽、徐本伟、梁林森、陶小建、黄子敏、陈定慧、陈承藻、陈雪兴、陈春明、张福康、张万、赵玉林、赵洁、过傅忠、黎季萍、霍文文、钱永明、萧长林、薛珑、瞿坚、顾梵-足球队员,{LINE_CUT}王力、周斌和李明是三个好朋友，都是校足球健将。王力当了高一甲班足球队队长后，就骄傲起来，在球场上处处逞能，看不起同学，也不帮助同学。乙班体育干事李明，谦虚诚恳，和同学们团结在一起，互相帮助，把乙班足球队搞得火热。在班际足球比赛中，由于王力好出风头，结果不仅使本队输了球，还踢伤了好友李明。在老师、家长和同学的帮助下，他认识了错误，最后成为优秀的校队队员。三个好朋友的友谊更加深了。
铁道游击队,,,政编：刘知侠{LINE_CUT}导演：赵明{LINE_CUT}摄影：冯四知{LINE_CUT}美工：张汉臣{LINE_CUT}作曲：吕其明{LINE_CUT}录音：陆仲伯{LINE_CUT}特技设计：周家生{LINE_CUT}特技摄影：孔基成{LINE_CUT}军事顾问：刘金山、车吉林{LINE_CUT}剧务主任：徐进{LINE_CUT}演奏：上影乐团{LINE_CUT}指挥：李秉申,曹会渠-刘洪{LINE_CUT}秦怡-芳林嫂{LINE_CUT}冯喆-李正{LINE_CUT}冯奇-王强{LINE_CUT}冯笑-小坡{LINE_CUT}邓楠-鲁汉{LINE_CUT}仲星火-彭亮{LINE_CUT}陈述-岗村{LINE_CUT}郑敏-小林{LINE_CUT}石灵-匪营长{LINE_CUT}刘非-游击队员甲{LINE_CUT}李镛-游击队员乙{LINE_CUT}李其珍-游击队员丙,根据刘知侠同名小说改编。{LINE_CUT}抗日战争时期，在鲁南铁路线上活跃的一支铁道游击队，在大队长刘洪、政委李正的领导下，专门破坏日寇的铁路运输线，牵制敌人的兵力，配合主力部队作战。日寇勾结国民党反动派，企图围歼游击队。大队长刘洪在战斗中负伤，在芳林嫂家里养伤时，与寡妇芳林嫂产生了爱情。日寇屡遭失败，老羞成怒，到处放火烧村庄，激怒了刘洪，他决定在微山湖边摆开阵势与敌人决战。李正赶来劝阻，不幸负伤，将队伍撤到微山湖，才免遭损失。{LINE_CUT}游击队经过休整，队伍扩大了，打得敌人寸步难行。日军军官小林调集了鲁南地区全部日伪军，进攻微山湖，企图消灭铁道游击队。刘洪带领游击队杀伤鬼子主力部队后，化装日军突围出来，并全歼了岗村特务队。抗战胜利前夕，李正伤愈归队。游击队打击了蒋军，救出了被捕的芳林嫂，截击了逃跑的日寇。
家,,,改编：陈西禾{LINE_CUT}摄影：许琦{LINE_CUT}作曲：黄准、吕其明{LINE_CUT}化妆：达旭{LINE_CUT}剪接：陈曦{LINE_CUT}导演：陈西禾、叶明{LINE_CUT}美工：丁辰{LINE_CUT}录音：林秉生{LINE_CUT}副制片主任：祝宏纲{LINE_CUT}演奏：上海乐团{LINE_CUT}指挥：李秉申,魏鹤龄-高老太爷{LINE_CUT}蒋锐-高大老爷{LINE_CUT}程之-高克安(四老爷){LINE_CUT}戴耘-周氏(大太太){LINE_CUT}马骥-沈氏(五太太){LINE_CUT}章非-高觉民(二少爷){LINE_CUT}张瑞芳-李瑞珏(大少奶奶){LINE_CUT}宣景琳-张姑太太{LINE_CUT}范雪朋-钱姑太太{LINE_CUT}王丹凤-鸣凤{LINE_CUT}谢怡冰-张嫂{LINE_CUT}傅惠珍-陈姨太{LINE_CUT}韩涛-高克明(三老爷){LINE_CUT}阳华-高克定(五老爷){LINE_CUT}狄梵-王氏(四太太){LINE_CUT}孙道临-高觉新(大少爷){LINE_CUT}张辉-高觉慧(三少爷){LINE_CUT}胡小菡-高淑华(三小姐){LINE_CUT}汪漪-张蕴华(琴小姐){LINE_CUT}黄宗英-钱梅芬(梅小姐){LINE_CUT}王薇-婉儿{LINE_CUT}于明德-袁成{LINE_CUT}郑敏-冯乐山{LINE_CUT}张子良-黄存仁{LINE_CUT}朱莎-礼拜一,根据巴金同名小说改编。{LINE_CUT}辛亥革命后，一个封建官僚地主大家庭正在衰落崩溃。高家长房的三个儿子受着封建礼教的压迫。大少爷高觉新极其软弱，不敢怒，不敢言，屈从于封建礼教和家庭包办婚姻，牺牲自已与梅小姐的爱情和幸福，被迫与李瑞珏结婚。后，瑞珏也被折磨致死，家境一天天衰败下去。在革命洪流的冲击下，觉新最后终于开始觉醒。二少爷高觉民与琴小姐相爱，为争取婚姻自主和个性解放而进行斗争，最后拒绝家庭包办的婚事，离家出走。三少爷高觉慧与丫环鸣凤相爱，积极参加学生运动。孔教会会长冯乐山要娶鸣凤做小老婆，鸣凤不从，投河自尽。觉慧毅然脱离家庭，投身到革命洪流中去。
沙漠里的战斗,,,编剧：王玉胡{LINE_CUT}摄影：李生伟{LINE_CUT}作曲：高田{LINE_CUT}特技摄影：周诗穆{LINE_CUT}导演：汤晓丹{LINE_CUT}美工：葛师承{LINE_CUT}录音：吴江海、苗振宇{LINE_CUT}特技设计：谷家栋{LINE_CUT}助理导演：邓逸民{LINE_CUT}剪接：诸锦顺{LINE_CUT}化妆：蒋幼安{LINE_CUT}制片主任：王林谷{LINE_CUT}演奏：上影乐团{LINE_CUT}指挥：李秉申,温锡莹-杨发{LINE_CUT}张园-张珍{LINE_CUT}卫禹平-陈师长{LINE_CUT}穆宏-张政委{LINE_CUT}杨蔚如-赵大勇{LINE_CUT}茂路-老朱{LINE_CUT}苏尔坦·买吉托夫-老猎人{LINE_CUT}高正-李辉{LINE_CUT}牛舞-小朱{LINE_CUT} 托乎地·毛勒太吉-艾买提{LINE_CUT}杨守贵-张教授{LINE_CUT}努莉亚孜·伊利亚索瓦-赛里玛,一九五一年，驻防在新疆天山北面的人民解放军某师，接受了开发边疆的生产建设任务。侦察科长杨发奉命率领一支水利勘察队，在戈壁滩一带勘察水源。他们发现了一座市镇废墟的遗迹和一条干涸的大河。据此，工程师李辉认为水源干涸了，要开发这片土地是不可能的，杨发和女技术员张珍则认为一定能找到水源。后来，他们分成两组，杨发带领张珍、大勇和小朱到冰峰寻找水源，李辉和其他人员测量土地。杨发等四人一路上遇到重重困难，他和张珍产生了爱情。 一次，他们遇到山洪，杨发和小朱被洪水卷走。后来，在老猎人的指点下，他们终于找到冰峰水源。师长根据杨发等人的勘探报告，下令炸开堵住河水的塌山，解决了水源， 昔日荒芜的戈壁滩变成了良田。
搜书院,,,粤剧编剧：杨子静、莫汝诚、林仙根{LINE_CUT}导演：徐韬{LINE_CUT}摄影：吴蔚云{LINE_CUT}美工：韩尚义{LINE_CUT}音乐设计：黄锦培、黄不灭、罗沛枝、仇鸿机{LINE_CUT}录音：周云麟{LINE_CUT}副导演：麦大非{LINE_CUT}化妆：乐羽侯{LINE_CUT}副制片主任：吴绍炜{LINE_CUT}演奏：广东粤剧团乐队、上影乐团{LINE_CUT}指挥：黄锦培{LINE_CUT}演出：广东粤剧团,马师曾-谢宝{LINE_CUT}李翠芳-镇台夫人{LINE_CUT}何剑秋-镇台{LINE_CUT}尹伯权-林伯{LINE_CUT}任铁坤-师爷{LINE_CUT}谭郎标-谢禄{LINE_CUT}张绮云-梅香{LINE_CUT}何国耀-学生乙{LINE_CUT}红线女-翠莲{LINE_CUT}李飞龙-张逸民{LINE_CUT}刘美卿-秋香{LINE_CUT}杨丽珠-小姐{LINE_CUT}梁国雄-谢福{LINE_CUT}杨燕生-家人{LINE_CUT}曾逸云-学生甲{LINE_CUT}梁耀坤-学生丙,镇台府的丫环翠莲放风筝断了线，风筝被琼台书院学生张逸民拾到，张在风筝上题了一首诗交还翠莲。镇台夫人见诗，认为翠莲在外面有私情，对她严加拷问。翠莲怕连累张逸民，死不招认，被镇台夫人关在柴房里。{LINE_CUT}某道台要纳翠莲为妾。翠莲得知后，在丫环秋香的帮助下，女扮男装出逃，路遇琼台书院掌教老师谢宝，翠莲假称寻乡友张逸民迷路，随谢来到书院，见到张逸民，吐露真情。张逸民决意与她结为鸳鸯，同归故里。{LINE_CUT}镇台带兵围住书院要搜查翠莲。在谢宝的帮助下，张逸民与翠莲一同远走高飞。
十五贯,,,改编：陶金{LINE_CUT}导演：陶金{LINE_CUT}摄影：黄绍芬、陈震祥{LINE_CUT}美工：卢景光{LINE_CUT}作曲：李荣圻、周传铮{LINE_CUT}录音：张福宝{LINE_CUT}助理导演：吴向之{LINE_CUT}剪辑：陈祥兴{LINE_CUT}副制片主任：韦布{LINE_CUT}音乐：张定和{LINE_CUT}音乐顾问：朱傅茗{LINE_CUT}演奏：浙江昆苏剧团音乐组{LINE_CUT}指挥：项金根{LINE_CUT}演出：浙江昆苏剧团,周传英-况钟{LINE_CUT}包传铎-周忱{LINE_CUT}周传铮-尤葫芦{LINE_CUT}徐冠春-熊友兰{LINE_CUT}华传浩-夏总甲{LINE_CUT}周传沧-夜巡官{LINE_CUT}薛传纲-邻居{LINE_CUT}张凤云-邻居{LINE_CUT}张艳云-邻居{LINE_CUT}朱国梁-过于执{LINE_CUT}王传淞-娄阿鼠{LINE_CUT}李倩影-苏戍娟{LINE_CUT}龚祥甫-秦世心{LINE_CUT}沈传锟-中军{LINE_CUT}龚世葵-门子{LINE_CUT}张世萼-邻居{LINE_CUT}王世瑶-邻居{LINE_CUT}胡君兰-邻居,根据浙江昆苏剧团《十五贯》整理小组整理本改编。{LINE_CUT}常州府无锡县肉铺老板尤葫芦借来十五贯本钱，他逗弄女儿苏戍娟说是卖她的身价。女儿信以为真，当夜逃走。{LINE_CUT}深夜，专靠赌博为生的地痞娄阿鼠闯进尤家，为偷盗十五贯钱，杀死了尤葫芦。天明，街邻发现尤葫芦遇害，找来官差，娄阿鼠乘机诬告苏戍娟谋财杀父而逃。{LINE_CUT}苏戍娟逃出后，与不相识的客商伙计熊友兰同行。追赶来的邻人对他们两人产生怀疑，恰巧又在熊友兰身上搜出十五贯钱，于是就把两人扭到县衙。知县过于执听信了娄阿鼠的话，以苏戍娟勾结奸夫，盗钱杀父的罪名，将苏戍娟、熊友兰判了死刑。监斩官况钟觉得其中有冤，在都堂面前力争延缓斩期。况钟经过调查，发现娄阿鼠有嫌疑，又得知他现藏在东岳庙内，就乔装算命先生，以看相测字为由，套出娄阿鼠确是杀死尤葫芦的凶手，便将娄带到衙门，升堂问罪，终于揭开了十五贯的真相。
宋士杰,,,改编：桑弧{LINE_CUT}导演：应云卫、刘琼{LINE_CUT}摄影：黄绍芬{LINE_CUT}美工：韩尚义、张曦白{LINE_CUT}音乐：张林漪、张鑫海{LINE_CUT}录音：陈锦荣{LINE_CUT}剧务主任：陈忠豪{LINE_CUT}剪辑：陈祥兴{LINE_CUT}化妆：乐羽侯{LINE_CUT}演出：上海京剧院,周信芳-宋士杰{LINE_CUT}刘斌昆-刘二混{LINE_CUT}霍新涛-丁旦{LINE_CUT}筱文林-师爷{LINE_CUT}陆玉兰-田氏{LINE_CUT}李盛佐-公差甲{LINE_CUT}赵德钰-姚庭椿{LINE_CUT}刘少春-杨春{LINE_CUT}李玉茹-杨素贞{LINE_CUT}童芷苓-万氏{LINE_CUT}汪志奎-顾读{LINE_CUT}黄正勤-田伦{LINE_CUT}秋云芳-田母{LINE_CUT}王泗水-公差乙{LINE_CUT}熊志麟-杨青{LINE_CUT}沈金波-毛朋{LINE_CUT}徐剑整-刘题,根据上海京剧院艺术室文学组整理本改编。{LINE_CUT}明朝嘉靖年间，同科进士毛朋、田伦、顾读、刘题，共同盟誓，今后出任为官，决不贪赃枉法。几年后，田伦的姐姐田氏和丈夫合谋毒死了小叔，反诬弟媳杨素贞谋杀亲夫，将素贞卖给杨春。杨春知道素贞的冤情后，与素贞结为兄妹。后，两人遇到八府巡按毛朋外出私访，毛朋替素贞写了状纸，叫她到信阳州去告状伸冤。兄妹两人来到信阳州，不幸被冲散。几个狂徒拦路调戏素贞，幸被宋士杰所救。宋士杰因爱打抱不平被革了刑房书吏之职，以开店为生，当他听了素贞的冤情之后，将她收为干女。田氏求为官的弟弟田伦写信给道台顾读、随信附上白银三百两行贿。田伦派来的公差恰巧住在宋士杰店中，宋士杰发现田伦的密信，将信抄在衣襟上，带素贞向顾读告状。顾读受贿，将素贞屈打成招。宋士杰挨了一顿板子，被赶出来，又向毛朋告状，毛朋开堂重审此案，宋士杰以抄录的密信为证，控告田伦、顾读贪赃枉法。{LINE_CUT}毛朋斩了田氏夫妇，革去田、顾的官职，素贞的冤情得以大白。但因宋士杰一状告倒了两名大官，毛朋要将宋判往边疆充军。素贞认出毛朋就是帮她写状纸的人，立即告诉了宋士杰，宋士杰问毛朋，要是打抱不平也犯法，那么毛朋是第一个替杨素贞写状纸的人。毛朋被问得哑口无言，只好释放了宋士杰。
庵堂相会,,,编剧：吴白匈、木水、俞介君、谢鸣{LINE_CUT}导演：俞仲英{LINE_CUT}摄影：钱渝、张锡龄{LINE_CUT}美工：凌雷{LINE_CUT}作曲：程茹辛、郑桦{LINE_CUT}录音：薛志昌、吴英{LINE_CUT}剧务主任：丁里{LINE_CUT}乐队指挥：冯璜{LINE_CUT}演出：江苏省锡剧团,沈佩华-金秀英{LINE_CUT}何枫-陈阿兴,根据王嘉大、过昭容原稿整理。{LINE_CUT}秀英自幼许配陈阿兴。九年后，秀英的父亲发了财，嫌贫爱富，想赖掉陈家的婚事，秀英不允。{LINE_CUT}后来，秀英得知阿兴自从家遭不幸，栖身在百草庵中，便利用清明节上香名义，瞒着父母，去会阿兴，途经一小桥，摇晃难行。秀英恳请随后走来的一位书生带她过桥。书生推口{QUOTE}男女授受不亲{QUOTE}，不肯答应。秀英再三请求，对方才扶她过桥。两人同行，秀英觉得书生好似阿兴，阿兴也觉得这姑娘好似秀英，但因分别九年，不敢相认。他们来到百草庵后，经过互道姓名，才敢相认。他们商定，等到端阳节秀英父母去看龙船时，阿兴打发花轿来迎娶。两人谈到红日西沉，阿兴才送秀英过小桥。
周信芳的艺术生活,,,编辑：陶雄,,京剧表演艺术家周信芳一八九五年出生于扬州，六岁学艺，{LINE_CUT}七岁登台演出，艺名{QUOTE}七龄童{QUOTE}。十一岁改名麒麟童。十三岁成为主要演员，在北京加入{QUOTE}喜连成科班{QUOTE}。辛亥革命前夕，回到上海，受到爱国艺人的影响，开始了他战斗的一生。{LINE_CUT}五四运动前后，他演出了《宋教仁遇害》、《王莽篡位》、《学全打金刚》等戏，痛斥卖国贼袁世凯、曹汝霖。{QUOTE}九·一八{QUOTE}事变后，他编写了《洪承畴》、 《徽钦二帝》、《明末遗恨》等剧，还积极参加了上海戏剧界的救亡运动。 一九四九年，周信芳应邀出席中国人民政治协商会议； 一九五二年，获得全国戏曲观摩演出大会荣誉奖； 一九五三年赴朝鲜慰问演出； 一九五四年当选为第一届全国人民代表大会代表； 一九五五年，文化部和文联、戏剧协会联合主办了{QUOTE}梅兰芳周信芳舞台生活五十年纪念会{QUOTE}。周信芳先生深受人民群众的尊敬。
庵堂认母,,,编剧：陈静{LINE_CUT}导演：杨小仲{LINE_CUT}摄影：张锡龄、曹威业{LINE_CUT}美工：凌雷{LINE_CUT}作曲：程茹辛、郑桦、叶傅卿、王梦鱼{LINE_CUT}录音：薛志昌、吴英{LINE_CUT}剧务主任：丁里{LINE_CUT}乐队指挥：冯 璜{LINE_CUT}演出：江苏省锡剧团,姚澄-志贞{LINE_CUT}谭君卿-元宰,尼姑王志贞十六年前与秀才申贵升相爱，后来贵升不幸病亡。{LINE_CUT}志贞生下一子，因庵规不许养儿育女，她只得写下血书一封，忍痛把孩子丢在路旁。孩子被人拾去，取名徐元宰。十六年后，元宰中了解元。 一天他偶然发现血书，才知道生母是尼姑志贞。元宰访母来到法华庵，志贞见元宰的面貌很象当年的贵升，元宰也得知她的法号与母亲相同，便借为观音大士上香，说出了自己的身世。志贞听后非常激动，但因庵中规戒森严，不敢相认。她跑回房中，对着贵升遗像痛哭。元宰冲进房中，见父遗像，掏出血书，跪在志贞面前恳求相认。母子终获团圆。
葛麻,,,剧本整理：武汉市楚剧团艺委会{LINE_CUT}摄影：查祥康、卢俊福{LINE_CUT}音乐：黎锦晖、易佑庄{LINE_CUT}指挥：王钧{LINE_CUT}剧务主任：金兆元{LINE_CUT}导演：张天赐{LINE_CUT}美工：王月白{LINE_CUT}录音：邵子和{LINE_CUT}演出：武汉市楚剧团,熊剑啸-葛 麻{LINE_CUT}李雅樵-张大洪{LINE_CUT}陈梅村-马 铎{LINE_CUT}萧受珍-马金莲,葛麻在地主马铎家里做工，对马铎的刻薄势利、欺压乡民行为非常愤恨。{LINE_CUT}马铎在发财前，曾把女儿许配给穷书生张大洪；发财后，企图退掉这门亲事，将女儿另配高门。 一天，马铎叫葛麻把张大洪找来，想逼张写下退婚字据。葛麻决心帮助表弟，他设下圈套， 准备狠狠处置马铎一顿。{LINE_CUT}张大洪到了马家，葛麻机智地使马铎送给张大洪一件最漂亮的衣服和二十两银子，并假装帮马铎打张大洪，拳头却落在马铎身上。他还凭着聪明伶俐的口齿，使马铎没有办法逼张大洪写退婚字据。随后，葛麻又巧妙地探出马小姐对张大洪的爱情和对嫌贫爱富的父亲的憎恨，帮助马小姐逃出家门，与张大洪结成夫妻。
冲破黎明前的黑暗,,,编剧：傅铎{LINE_CUT}总导演：丁里{LINE_CUT}导演：王苹、刘沛然{LINE_CUT}摄影：曹进云{LINE_CUT}布景设计：王伟{LINE_CUT}作曲：李伟才{LINE_CUT}录音：郭大震{LINE_CUT}特技设计：王寅{LINE_CUT}制片主任：魏敏{LINE_CUT}剧务主任：成立业{LINE_CUT}演奏：新影乐团{LINE_CUT}指挥：陈维文,今欣-阎志刚{LINE_CUT}田裕民-崔振雷{LINE_CUT}席德昌-大囤{LINE_CUT}李其煌-杨金水{LINE_CUT}高保成-老虎{LINE_CUT}邢志贤-庆林{LINE_CUT}曹瑞-大勇{LINE_CUT}张浩然-田大奎{LINE_CUT}魏庆怀-战士乙{LINE_CUT}陈立中-李大娘{LINE_CUT}里坡-马大队长{LINE_CUT}李力-联络员{LINE_CUT}张元方-山本{LINE_CUT}严寄洲-伪联队长{LINE_CUT}杨角-日军官{LINE_CUT}魏敏-王狗子{LINE_CUT}李司野-王顺{LINE_CUT}言小朋-战士甲{LINE_CUT}范伯涛-战士丙{LINE_CUT}李雪红-凤霞{LINE_CUT}郭筠-村长{LINE_CUT}孙宪元-民兵队长{LINE_CUT}刘季云-歪脖李{LINE_CUT}成立业-参谋{LINE_CUT}毕须-张麦熟,根据同名话剧改编。{LINE_CUT}一九四二年，冀中八路军某排排长阎志刚负重伤，被李大娘和儿媳凤霞所救。阎志刚伤愈后领导游击队与日寇斗争，曾一度因胜利滋长了麻痹思想，使队伍受到损失，因而受到领导的批评。后来，他改正了缺点，运用地道战、地雷战等战术，给敌人以沉重的打击。随后，他又智取李家营敌军据点，救出被捕的凤霞。{LINE_CUT}
#这决不是小事情,,,编剧：王少岩、严寄洲{LINE_CUT}导演：严寄洲{LINE_CUT}摄影：蒋仕{LINE_CUT}布景设计：徐润{LINE_CUT}作曲：高如星{LINE_CUT}录音：何宝锭{LINE_CUT}演奏：新影乐团{LINE_CUT}指挥：陈维文,张浩然-保卫科长{LINE_CUT}李鸿昌-王参谋{LINE_CUT}韩梅-保姆{LINE_CUT}言小朋-卖破烂的{LINE_CUT}魏庆怀-小张{LINE_CUT}范伯涛-照像馆老板{LINE_CUT}郭华-章河(记者){LINE_CUT}徐佩立-林清(记者){LINE_CUT}石茵-苏冰{LINE_CUT}李四野-孙亮{LINE_CUT}杨角-老孔{LINE_CUT}赵恒多-内奸分子{LINE_CUT}孙宪元-杨助理员{LINE_CUT}邓敬苏-女特务{LINE_CUT}明照芳-同乡{LINE_CUT}曹瑞-支部书记{LINE_CUT}李志远-小胡{LINE_CUT}毕须-修皮鞋的,由六个小故事组成：{LINE_CUT}《七十五号密件》:王参谋是个很不重视保密的人。 一次下班前，他赶着要去看电影，匆忙中忘了将{QUOTE}七十五号密件{QUOTE}交给保密员保管，随手塞进了衣袋。保姆在衣袋里发现了密件，偷偷将它交给了一个伪装收破烂的特务。第二天，王参谋正在万分焦急地寻找密件时，公安局的同志前来逮捕伪装成保姆的特务，王参谋这才如梦初醒。{LINE_CUT}《小广播》:我边防战士逮捕了一个偷越国境的特务，在他身上搜出了一份我部队调动的情报。原来有些{QUOTE}小广播{QUOTE}将部队调动的消息到处传，战士小张听到这消息后，想提早取到照片，就麻痹大意地将部队调动的消息转播给了照像馆老板，而照像馆老板正好是一个暗藏的特务。{LINE_CUT}《夸夸其谈的人》:在一次旅途的火车上，军部保卫科科长遇见了两个报社记者，一路上两个记者夸夸其谈，在座的还有一个自称刚从部队转业的女人苏冰。当两个记者去餐车吃饭时，苏冰偷走了他们的有关国防秘密的海防军事照片，悄悄地溜下了火车。保卫科长将失密情况及时报告公安局。苏冰终于被逮捕了。{LINE_CUT}《失职的哨兵》:某汽车团在紧急的运输任务中，接连发生了两次汽车事故。原来是在晚上观看文工团慰问演出时，值班放哨的司机孙亮贪玩，偷偷地爬上车顶看演出，特务乘机扎破了两辆卡车的刹车皮管，造成了两起事故。{LINE_CUT}《如此恋爱》:某部杨助理员打仗勇敢，立过战功。为了解决个人的婚姻问题，多方面托人介绍对象，条件是年轻、漂亮、有文化。他的一个同乡替他介绍了一个合乎{QUOTE}理想{QUOTE}的女友。在这位女友美色的诱惑下，他完全丧失了警惕，把部队绝密文件拿给女友看。后来，在组织的帮助下，他才知道这个女友是个台湾派来的特务，{LINE_CUT}《小迷糊》:某军火仓库哨兵小胡，外号叫小迷糊。 一次，小胡在哨位上又睡着了，特务乘机剪开了铁丝网，钻了进来，用木棍击晕了小胡，在仓库门口点燃了炸药。恰在此时，查哨的排长发觉了，他们及时逮捕了特务，掐断了导火索，使得仓库免遭破坏。
游园惊梦,,,编剧：谢添、桑夫、于彦夫{LINE_CUT}导演：石岚{LINE_CUT}摄影：张沼滨{LINE_CUT}美工：张先德、田世珍{LINE_CUT}作曲：何方{LINE_CUT}录音：刘钊{LINE_CUT}副导演：李云{LINE_CUT}副制片主任：赵义虎{LINE_CUT}特技摄影：朱革、张尔瓒{LINE_CUT}演奏：新影乐团{LINE_CUT}指挥：冯光涛,侯宝林、郭启儒-演员,一个不遵守制度的游客，大闹动物园。当他向猴子掷糖时， 却把手表甩进了猴子笼里，手表被猴子咬碎了。他在路上乱扔香蕉皮，自己却被香蕉皮滑倒，被摔得腰酸腿痛。他想找个地方歇歇，明明看见牌子上写着{QUOTE}椅子上不许躺卧{QUOTE}，却往上一躺进入梦乡，他梦见自己训练大象吹口琴，不料口琴被大象吞进肚里。在狮虎山，他到处乱钻，跌进了虎山，本想出来，却又钻进了虎笼，被老虎吓得魂不附体。他好容易逃出虎笼，又遇到一条鳄鱼张着大嘴向他逼来。他慌忙爬上树，头顶上的老鹰又展翅要啄他，他急呼救命，突然有人拍他一把，才把他吓醒。原来这是一场惊险的游园梦。
黄花岭,,,改编：金山{LINE_CUT}导演：金山{LINE_CUT}摄影：高洪涛{LINE_CUT}美术设计：秦威{LINE_CUT}作曲：葛光锐、何方{LINE_CUT}录音：薛慎行{LINE_CUT}剧务主任：马德昌{LINE_CUT}演奏：新影乐团{LINE_CUT}指挥：冯光涛,崔嵬-李洪奎{LINE_CUT}王斑-李春堂{LINE_CUT}张茜莲-宋妻{LINE_CUT}张云芳-宋二嫂{LINE_CUT}邵华-宋福山,根据舒慧同名戏剧改编。{LINE_CUT}贫农宋二嫂早年丧夫，独自靠黄花岭的梨园维持生活。当她遇到困难，去向丈夫的哥哥富农宋福山求援时，宋福山欺凌弟媳贫穷孤寡，想乘机霸占她的梨园，并阻挠她加入农业生产合作社。农业生产合作社主任李洪奎热情地帮助宋二嫂，使她很受感动，要求入社。李洪奎的叔叔李春堂，听信宋福山的甜言蜜语，以宋二嫂穷困为由，反对她入社，为此受到李洪奎的批评。宋二嫂揭露了宋福山阻拦她入社，企图霸占她的黄花岭梨园的阴谋。李春堂猛然醒悟。宋福山见阴谋被揭露，就污蔑李洪奎霸占宋家的寡妇，不准宋二嫂带走财产。宋二嫂毅然冲破旧礼教的束缚，加入了合作社。